molecule,atom_index_1,atom_index_2,bond_index,pred_bde
C/C(=C\C1=CC=CC=C1)/C=O,9,10,9,84.46624
C/C/1=C\CCC(=C)[C@H]2CC([C@@H]2CC1)(C)C,3,4,3,59.679016
C/C=C/C=C/C(=O)OC,0,9,8,81.10842
C/C=C/C=C/C(=O)OC,0,11,10,81.10842
C/C=C/C=C/C(=O)OC,0,10,9,81.10842
C1(=C(C=C(C=C1C)C)CCCCCCCCCCCCCCCC)C,8,9,8,77.392265
C1(C(CC(CC1CCCCCCCCCCCCCCCC)C)C)C,5,0,24,82.99706
C1/C=C\CC/C=C\C1,3,4,3,63.137535
C1/C=C\CC/C=C\C1,7,0,7,63.137535
C1=C2C(=CC=C1)C(CCC2CCCCCCCC)CCCCCCCC,6,7,6,75.55537
C1=C2C(=CC=C1)C(CCC2CCCCCCCC)CCCCCCCC,8,9,8,75.55537
C1=CC=C(C=C1)C2=CC=CC=C2,11,6,12,95.98396
C1=CC=C(C=C1)C2=CC=CC=C2,6,7,6,95.98396
C1=CC=C(C=C1)CC2=CC=CC=C2,6,19,20,83.95191
C1=CC=C(C=C1)CC2=CC=CC=C2,6,18,19,83.95191
C1=CC=C(C=C1)CCC2=CC=CC=C2,6,7,6,67.45198
C1=CC=C(C=C1)CCO,6,7,6,77.00087
C1=CC=C(C=C1)CO,6,13,13,82.41459
C1=CC=C(C=C1)CO,6,14,14,82.41459
C1=CC=C(C=C1)COCC2=CC=CC=C2,7,8,7,74.78586
C1=CC=C(C=C1)COCC2=CC=CC=C2,6,7,6,74.78586
C1=CC=C2C=CC=CC2=C1,8,3,10,97.15939
C1=CC=CC=C1,0,1,0,99.55652
C1=CC=CC=C1,1,2,1,99.55652
C1=CC=CC=C1,2,3,2,99.55652
C1=CC=CC=C1,3,4,3,99.55652
C1=CC=CC=C1,4,5,4,99.55652
C1=CC=CC=C1,5,0,5,99.55652
C1=COC(=C1)C=O,5,6,5,86.98816
C1=COC=C1,1,2,1,97.56681
C1=COC=C1,2,3,2,97.56681
C1C=CCO1,3,4,3,70.82836
C1C=CCO1,4,0,4,70.82836
C1CC(CC=C1)C=O,2,3,2,64.33918
C1CC(OC1)CO,2,5,4,83.63378
C1CC2=CC=CC=C2C1,0,1,0,80.05819
C1CC2=CC=CC=C2C1,8,0,8,80.05819
C1CC2C3CCC(C3)C2C1,0,1,0,85.528145
C1CC=CCCC=C1,0,1,0,63.137535
C1CC=CCCC=C1,4,5,4,63.137535
C1CC=COC1,4,5,4,70.4436
C1CCC(=O)C1,2,3,2,84.44843
C1CCC(=O)C1,3,5,4,84.44843
C1CCC(=O)CC1,2,3,2,81.79331
C1CCC(=O)CC1,3,5,4,81.79331
C1CCC(C1)O,2,3,2,85.720604
C1CCC(C1)O,3,4,3,85.720604
C1CCC(CC1)C2CCCCC2,3,6,5,83.54882
C1CCC(CC1)CO,3,6,5,82.7064
C1CCC(CC1)O,2,3,2,83.76768
C1CCC(CC1)O,3,4,3,83.76768
C1CCC2C(C1)CCC3C2CCCC3,9,3,14,81.08631
C1CCC2CCCCC2C1,8,3,10,82.42336
C1CCC=CC1,1,2,1,79.00237
C1CCC=CC1,5,0,5,79.00237
C1CCCC(=O)CC1,3,4,3,81.79331
C1CCCC(=O)CC1,4,6,5,81.79331
C1CCCC1,0,1,0,86.53877
C1CCCC1,1,2,1,86.53877
C1CCCC1,2,3,2,86.53877
C1CCCC1,3,4,3,86.53877
C1CCCC1,4,0,4,86.53877
C1CCCCC1,0,1,0,87.82388
C1CCCCC1,1,2,1,87.82388
C1CCCCC1,2,3,2,87.82388
C1CCCCC1,3,4,3,87.82388
C1CCCCC1,4,5,4,87.82388
C1CCCCC1,5,0,5,87.82388
C1CCCCCCC1,0,1,0,87.82388
C1CCCCCCC1,1,2,1,87.82388
C1CCCCCCC1,2,3,2,87.82388
C1CCCCCCC1,3,4,3,87.82388
C1CCCCCCC1,4,5,4,87.82388
C1CCCCCCC1,5,6,5,87.82388
C1CCCCCCC1,6,7,6,87.82388
C1CCCCCCC1,7,0,7,87.82388
C1CCOC1,2,3,2,84.47327
C1CCOC1,3,4,3,84.47327
C1CCOCC1,2,3,2,84.17302
C1CCOCC1,3,4,3,84.17302
C1CC[C@@H]2CCCC[C@@H]2C1,8,3,10,83.79455
C1CC[C@H]2CCCC[C@@H]2C1,8,3,10,83.549095
C1COC=C1,1,2,1,69.1794
C=C(CC(C)(C)C)CC(C)(C)CC(C)(C)C,7,8,7,65.796616
C=C1CCC2CC1C2(C)C,2,3,2,73.12748
C=CC(C)(O)CCC=C(C)C,2,5,4,70.71526
C=CC1CCC=CC1,7,2,7,60.359833
C=CC1CCCCC1,2,3,2,73.7171
C=CC1CCCCC1,7,2,7,73.7171
C=CCCCC,2,3,2,74.40789
C=CCCCCCCC=C,2,3,2,74.30962
C=CCCCCCCC=C,6,7,6,74.30962
C=CCCCC[C@H](CCCC)CCCCCC,2,3,2,74.016014
C=COCC1CCC(CC1)COC=C,10,11,10,67.934135
C=COCCO,2,3,2,69.22055
CC(=C)C=C,0,5,4,90.56728
CC(=C)C=C,0,6,5,90.56728
CC(=C)C=C,0,7,6,90.56728
CC(=C)CC(C)(C)C,3,4,3,71.812126
CC(=CC/C=C(\C)/C=C)C,3,14,13,68.94178
CC(=CC/C=C(\C)/C=C)C,3,15,14,68.94178
CC(=CC1=CC=CC=C1)C=O,9,10,9,84.46624
CC(=CC=C(C)C)C,7,21,20,82.40338
CC(=CC=C(C)C)C,7,19,18,82.40338
CC(=CC=C(C)C)C,6,18,17,82.40338
CC(=CC=C(C)C)C,6,17,16,82.40338
CC(=CC=C(C)C)C,6,16,15,82.40338
CC(=CC=C(C)C)C,0,8,7,82.40338
CC(=CC=C(C)C)C,0,9,8,82.40338
CC(=CC=C(C)C)C,0,10,9,82.40338
CC(=CC=C(C)C)C,7,20,19,82.40338
CC(=CC=C(C)C)C,5,15,14,82.40338
CC(=CC=C(C)C)C,5,13,12,82.40338
CC(=CC=C(C)C)C,5,14,13,82.40338
CC(=CCC/C(=C/C/C=C(\C)/C=C)/C)C,3,4,3,59.821846
CC(=CCC/C(=C/CC/C(=C/CO)/C)/C)C,7,8,7,59.747257
CC(=CCC/C(=C/CCC(C)(C=C)O)/C)C,3,4,3,59.75701
CC(=CCC/C(=C/CO)/C)C,3,4,3,59.996788
CC(=CCC=C(C)C=C)C,3,14,13,68.94178
CC(=CCC=C(C)C=C)C,3,15,14,68.94178
CC(=CCCC(=CCC=C(C)C=C)C)C,3,4,3,59.821846
CC(=CCCC(=CCCC(=CCO)C)C)C,7,8,7,59.747257
CC(=CCCC(=CCCC(C)(C=C)O)C)C,3,4,3,59.75701
CC(=CCCC(=CCO)C)C,3,4,3,59.996788
CC(=CCCCCCCCC)C1=CC=CC=C1,3,4,3,70.46607
CC(=O)CC(C)(C)O,3,4,3,81.33346
CC(=O)CCC(=O)OC,3,4,3,81.80353
CC(=O)OC,1,2,1,93.01792
CC(=O)OCC(COC(=O)C)OC(=O)C,4,5,4,88.85941
CC(=O)OCC(COC(=O)C)OC(=O)C,5,6,5,88.85941
CC(=O)OCC1CCCO1,9,5,9,84.069786
CC(C(CCCCCC)C1CCCCC1)C,1,2,1,79.81934
CC(C)(C)C1=CC=CC=C1,0,1,0,75.269066
CC(C)(C)C1=CC=CC=C1,1,2,1,75.269066
CC(C)(C)C1=CC=CC=C1,1,3,2,75.269066
CC(C)(C)C1CCCC2CCCCC21,1,4,3,79.373146
CC(C)(C)C1CCCc2ccccc21,1,4,3,71.56182
CC(C)(C)O,0,1,0,85.53015
CC(C)(C)O,1,2,1,85.53015
CC(C)(C)O,1,3,2,85.53015
CC(C)(C)OC,4,5,4,83.641174
CC(C)(C)c1ccc2ccccc2c1,0,1,0,75.20292
CC(C)(C)c1ccc2ccccc2c1,1,2,1,75.20292
CC(C)(C)c1ccc2ccccc2c1,1,3,2,75.20292
CC(C)(CCO)OC,6,7,6,84.567696
CC(C)(OC)OC,3,4,3,84.51433
CC(C)(OC)OC,5,6,5,84.51433
CC(C)C(=O)C(C)C,0,1,0,78.84702
CC(C)C(=O)C(C)C,1,2,1,78.84702
CC(C)C(=O)C(C)C,5,6,5,78.84702
CC(C)C(=O)C(C)C,5,7,6,78.84702
CC(C)C(C)C(C)C,1,3,2,81.30828
CC(C)C(C)C(C)C,3,5,4,81.30828
CC(C)C1=CC(=CC(=C1)C(C)C)C(C)C,0,1,0,76.98851
CC(C)C1=CC(=CC(=C1)C(C)C)C(C)C,12,13,12,76.98851
CC(C)C1=CC(=CC(=C1)C(C)C)C(C)C,9,11,10,76.98851
CC(C)C1=CC(=CC(=C1)C(C)C)C(C)C,9,10,9,76.98851
CC(C)C1=CC(=CC(=C1)C(C)C)C(C)C,12,14,13,76.98851
CC(C)C1=CC(=CC(=C1)C(C)C)C(C)C,1,2,1,76.98851
CC(C)C1=CC(=CC=C1)C(C)C,0,1,0,76.90792
CC(C)C1=CC(=CC=C1)C(C)C,1,2,1,76.90792
CC(C)C1=CC(=CC=C1)C(C)C,9,11,10,76.90792
CC(C)C1=CC(=CC=C1)C(C)C,9,10,9,76.90792
CC(C)C1=CC=CC=C1,0,1,0,76.79265
CC(C)C1=CC=CC=C1,1,2,1,76.79265
CC(C)C1CC(CC(C1)C(C)C)C(C)C,1,3,2,83.851585
CC(C)C1CC(CC(C1)C(C)C)C(C)C,7,9,8,83.851585
CC(C)C1CC(CC(C1)C(C)C)C(C)C,5,12,11,83.851585
CC(C)C=O,0,1,0,78.09136
CC(C)C=O,1,2,1,78.09136
CC(C)CC(=O)C,1,3,2,81.4641
CC(C)CC(=O)CC(C)C,1,3,2,81.3906
CC(C)CC(=O)CC(C)C,6,7,6,81.3906
CC(C)CC(C)C,1,3,2,85.890236
CC(C)CC(C)C,3,4,3,85.890236
CC(C)CCC(C)(C)C,4,5,4,83.215485
CC(C)CCC(C)CCC(C)CC=C(C)C,9,11,10,70.651375
CC(C)CCC(CCC(C)C)C(CCC(C)C)CCC(C)C,5,11,10,80.35731
CC(C)CCCC(C)C,1,3,2,85.46008
CC(C)CCCC(C)C,5,6,5,85.46008
CC(C)CCCC(C)CCCC(C)CCO,10,11,10,83.69143
CC(C)CCCC(C)CCO,5,6,5,83.68958
CC(C)CCO,3,4,3,85.26136
CC(C)CCOC(=O)C(C)O,8,9,8,76.44343
CC(C)CCOC(=O)C(C)OCCC(C)C,8,9,8,79.00497
CC(C)CCOC(=O)C.CC(C)CCOC(=O)C,1,3,2,86.585236
CC(C)CCOC(=O)C.CC(C)CCOC(=O)C,10,12,10,86.585236
CC(C)CCOCC(=O)OCCC(C)C,5,6,5,80.1947
CC(C)CCOCCC(C)C,4,5,4,85.219696
CC(C)CCOCCC(C)C,5,6,5,85.219696
CC(C)CCOCCCC(=O)OCCC(C)C,3,4,3,85.296165
CC(C)CO,1,3,2,84.13996
CC(C)COC(=O)C(C)OCC(C)C,7,9,8,78.3229
CC(C)COCC(C)C,1,3,2,84.36406
CC(C)COCC(C)C,5,6,5,84.36406
CC(C)OCCO,4,5,4,84.71743
CC(CC(C)(C)C)CC(C)(C)C,1,2,1,80.71549
CC(CC(C)(C)C)CC(C)(C)C,1,7,6,80.71549
CC(CC(C)(C)C)CC(C)(C)CC(C)(C)C,7,8,7,76.100105
CC(CC(CCCCCCCC)(CC(C)C)C1=CC=CC=C1)C,3,4,3,73.78008
CC(CC1)OC1C(C2CCC(C)O2)C3CCC(C)O3,18,13,20,81.733864
CC(CC1)OC1C(C2CCC(C)O2)C3CCC(C)O3,4,5,4,81.733864
CC(CC1)OC1C(C2CCC(C)O2)C3CCC(C)O3,12,7,19,81.733864
CC(CC1)OC1C(C2CCC(C)O2)C3CCCO3,17,13,19,80.870895
CC(CCC=C(C)C)CCO,2,3,2,73.10037
CC(COC)O,1,2,1,84.23446
CC(COC)OC(=O)C,3,4,3,84.63713
CC/C=C\C/C=C\C/C=C\C/C=C\C/C=C\C/C=C\CCC(=O)OC,19,20,19,71.39446
CC/C=C\C/C=C\C/C=C\CCCCCCCC(=O)O,10,11,10,74.04171
CC/C=C\C/C=C\C/C=C\CCCCCCCC(=O)OCC,10,11,10,74.04171
CC1(C2CCC(O1)(CC2)C)C,6,1,10,78.685265
CC1(COC1)C,1,2,1,87.086136
CC1(COC1)C,4,1,5,87.086136
CC1(OCC(O1)CO)C,4,6,5,84.78542
CC1=C(C(=C(C=C1)C)C)C,9,23,23,88.893166
CC1=C(C(=C(C=C1)C)C)C,9,21,21,88.893166
CC1=C(C(=C(C=C1)C)C)C,8,20,20,88.893166
CC1=C(C(=C(C=C1)C)C)C,8,19,19,88.893166
CC1=C(C(=C(C=C1)C)C)C,8,18,18,88.893166
CC1=C(C(=C(C=C1)C)C)C,9,22,22,88.893166
CC1=CC(=C(C(=C1)OC)O)OC,7,8,7,67.43273
CC1=CC(=C(C(=C1)OC)O)OC,10,11,10,67.43273
CC1=CC(=C(C=C1)C)C,0,10,10,89.38282
CC1=CC(=C(C=C1)C)C,0,11,11,89.38282
CC1=CC(=C(C=C1)C)C,0,9,9,89.38282
CC1=CC(=C(C=C1)O)OC,8,9,8,59.160664
CC1=CC(=CC(=C1)C)C,8,20,20,89.81951
CC1=CC(=CC(=C1)C)C,8,18,18,89.81951
CC1=CC(=CC(=C1)C)C,7,17,17,89.81951
CC1=CC(=CC(=C1)C)C,7,16,16,89.81951
CC1=CC(=CC(=C1)C)C,7,15,15,89.81951
CC1=CC(=CC(=C1)C)C,8,19,19,89.81951
CC1=CC(=CC=C1)C,0,8,8,89.76863
CC1=CC(=CC=C1)C,7,15,15,89.76863
CC1=CC(=CC=C1)C,0,10,10,89.76863
CC1=CC(=CC=C1)C,0,9,9,89.76863
CC1=CC(=CC=C1)C,7,16,16,89.76863
CC1=CC(=CC=C1)C,7,17,17,89.76863
CC1=CC/C(=C(/C)\CCC=C(C)C)/CC1,7,8,7,58.058342
CC1=CC2=C(C=C1)C=C(C=C2)C,11,23,24,89.62371
CC1=CC2=C(C=C1)C=C(C=C2)C,11,21,22,89.62371
CC1=CC2=C(C=C1)C=C(C=C2)C,0,14,15,89.62371
CC1=CC2=C(C=C1)C=C(C=C2)C,11,22,23,89.62371
CC1=CC2=C(C=C1)C=C(C=C2)C,0,12,13,89.62371
CC1=CC2=C(C=C1)C=C(C=C2)C,0,13,14,89.62371
CC1=CC2=CC=CC=C2C=C1,0,13,14,89.62371
CC1=CC2=CC=CC=C2C=C1,0,11,12,89.62371
CC1=CC2=CC=CC=C2C=C1,0,12,13,89.62371
CC1=CC=C(C=C1)C(C)C,7,9,8,76.502174
CC1=CC=C(C=C1)C(C)C,7,8,7,76.502174
CC1=CC=C(C=C1)OC,7,8,7,67.50444
CC1=CC=C(O1)C,0,7,7,86.02018
CC1=CC=C(O1)C,0,8,8,86.02018
CC1=CC=C(O1)C,0,9,9,86.02018
CC1=CC=C(O1)C,6,12,12,86.02018
CC1=CC=C(O1)C,6,13,13,86.02018
CC1=CC=C(O1)C,6,14,14,86.02018
CC1=CC=C(O1)C(C2=CC=C(O2)C)C3=CC=C(O3)C,6,24,26,68.64445
CC1=CC=C(O1)C(C2=CC=CO2)C3=CC=C(O3)C,6,23,25,68.32098
CC1=CC=CC2=CC=CC=C12,0,13,14,88.983025
CC1=CC=CC2=CC=CC=C12,0,11,12,88.983025
CC1=CC=CC2=CC=CC=C12,0,12,13,88.983025
CC1=CC=CC=C1,0,7,7,89.785805
CC1=CC=CC=C1,0,8,8,89.785805
CC1=CC=CC=C1,0,9,9,89.785805
CC1=CC=CC=C1C,0,8,8,89.80981
CC1=CC=CC=C1C,7,15,15,89.80981
CC1=CC=CC=C1C,0,10,10,89.80981
CC1=CC=CC=C1C,0,9,9,89.80981
CC1=CC=CC=C1C,7,16,16,89.80981
CC1=CC=CC=C1C,7,17,17,89.80981
CC1=CCC(=C(C)CCC=C(C)C)CC1,7,8,7,58.058342
CC1=CCC(=CC1)C(C)C,3,15,15,75.07581
CC1=CCC(=CC1)C(C)C,3,14,14,75.07581
CC1=CCC(CC1)C(=C)C,3,4,3,60.960766
CC1=CCC2C(C1)C2(C)C,3,15,16,80.71789
CC1=CCC2C(C1)C2(C)C,3,14,15,80.71789
CC1=CCC2CC1C2(C)C,3,4,3,77.16926
CC1=CCCC(=C)C2CC(C2CC1)(C)C,3,4,3,60.14922
CC1=CCCCC1,3,4,3,73.880035
CC1CC(=O)CC(C1)(C)C,5,6,5,79.37946
CC1CC(C(C1)(C)C)C,3,4,3,79.199104
CC1CC(CC(C1)C)C,1,2,1,87.685
CC1CC(CC(C1)C)C,3,4,3,87.685
CC1CC(CC(C1)C)C,4,5,4,87.685
CC1CC(CC(C1)C)C,6,1,8,87.685
CC1CCC(C(=O)C1)C(C)C,4,8,7,77.76739
CC1CCC(C(C1)C)C,4,5,4,83.652596
CC1CCC(C(C1)OC(=O)C)C(C)C,4,11,10,84.32737
CC1CCC2CC1C2(C)C,1,2,1,84.28935
CC1CCC=CC1,6,1,6,73.79564
CC1CCCC(C1)C,1,2,1,86.60259
CC1CCCC(C1)C,4,5,4,86.60259
CC1CCCC(C2CC(C2CC1)(C)C)C,11,1,14,83.86611
CC1CCCC1,1,2,1,84.65687
CC1CCCC1,5,1,5,84.65687
CC1CCCC=C1,1,2,1,71.82351
CC1CCCCC1,0,1,0,84.205345
CC1CCCCC1(C)C,6,1,8,81.67208
CC1CCCCC1C,6,1,7,83.03019
CC1CCCO1,5,1,5,82.67319
CC1CCOC(C1)C=C(C)C,4,5,4,71.01463
CC1COC(O1)CC(C)C,1,2,1,84.352135
CC=CC=CC(=O)OC,0,9,8,81.10842
CC=CC=CC(=O)OC,0,11,10,81.10842
CC=CC=CC(=O)OC,0,10,9,81.10842
CCC(=CCCCCCCC=C(CC)CC)CC,4,5,4,72.54696
CCC(=CCCCCCCC=C(CC)CC)CC,8,9,8,72.54696
CCC(=O)C,1,2,1,83.73682
CCC(=O)CC,1,2,1,84.297646
CCC(=O)CC,2,4,3,84.297646
CCC(C)(C)C,1,2,1,83.98504
CCC(C)(C)C(C)C,2,5,4,80.07599
CCC(C)(C)O,1,2,1,83.382515
CCC(C)(CCCC(C)C)O,1,2,1,83.24112
CCC(C)(CCCC(C)CCCC(C)C)O,1,2,1,83.24112
CCC(C)C(C)(C)C,2,4,3,78.9489
CCC(C)C(C)C,2,4,3,82.39808
CCC(C)C(C)CC,2,4,3,82.327354
CCC(C)C1=CC=CC=C1,1,2,1,75.178116
CCC(C)C1CCCC2C1CCCC2,9,4,13,81.093414
CCC(C)CC,1,2,1,84.99749
CCC(C)CC,2,4,3,84.99749
CCC(C)CC(C)C,1,2,1,84.63773
CCC(C)CCCC(C)C,1,2,1,84.86953
CCC(C)CCCC(C)CCCC(C)C,7,9,8,84.82119
CCC(C)CO,2,4,3,84.041725
CCC(C)O,1,2,1,84.68768
CCC(C)OC,1,2,1,84.04426
CCC(C)OC(C)CC,1,2,1,84.195
CCC(CC(C)C)C(CC)CC(C)C,2,7,6,80.443954
CCC(CC)(CC)CC,1,2,1,82.52833
CCC(CC)(CC)CC,2,3,2,82.52833
CCC(CC)(CC)CC,2,5,4,82.52833
CCC(CC)(CC)CC,2,7,6,82.52833
CCC(CC)C(C)C,2,5,4,81.42821
CCC(CC)C1OC(C)C(C)O1,7,9,8,81.7947
CCC(CC)CC,1,2,1,84.52871
CCC(CC)CC,2,3,2,84.52871
CCC(CC)CC,2,5,4,84.52871
CCC(CC)COCC(CC)CC,7,8,7,84.38865
CCC(O)OCCCOC,8,9,8,85.647675
CCC/C=C\CCC,1,2,1,73.91416
CCC/C=C\CCC,5,6,5,73.91416
CCC1=CC(=C(C=C1)O)OC,9,10,9,59.514034
CCC1=CC(=CC(=C1)CC)CC,0,1,0,78.821144
CCC1=CC(=CC(=C1)CC)CC,10,11,10,78.821144
CCC1=CC(=CC(=C1)CC)CC,8,9,8,78.821144
CCC1=CC(=CC=C1)CC,0,1,0,78.758644
CCC1=CC(=CC=C1)CC,8,9,8,78.758644
CCC1=CC=CO1,0,1,0,75.620995
CCC1C2CC3CC(C2)CC1C3,1,2,1,86.91261
CCC1CCCCC1,1,2,1,83.663536
CCC1CCCO1,6,2,6,84.01277
CCC1OCC(O1)C,4,5,4,84.60286
CCC=CCC(=O)OC,0,1,0,75.44837
CCC=CCC=CCC=CCCCCCCCC(=O)O,10,11,10,74.04171
CCC=CCC=CCC=CCCCCCCCC(=O)OC,10,11,10,74.04171
CCC=CCC=CCC=CCCCCCCCC(=O)OCC,10,11,10,74.04171
CCC=CCC=CCC=CCCCCCCCCO,10,11,10,74.04171
CCCC,1,2,1,87.21352
CCCC(=O)CCC,1,2,1,82.87693
CCCC(=O)CCC,5,6,5,82.87693
CCCC(=O)OC,1,2,1,85.18331
CCCC(=O)OC(COC(=O)CCC)COC(=O)CCC,18,19,18,85.139046
CCCC(=O)OC(COC(=O)CCC)COC(=O)CCC,11,12,11,85.139046
CCCC(C)(C)C,2,3,2,84.0575
CCCC(C)(CCC)C1CCCC2CCCCC12,3,8,7,78.41045
CCCC(C)(CCC)c1ccc2ccccc2c1,2,3,2,73.97317
CCCC(C)(CCC)c1ccc2ccccc2c1,3,5,4,73.97317
CCCC(C)C,2,3,2,85.73536
CCCC(C)C(=O)C,2,3,2,77.708206
CCCC(C)C(=O)CC,2,3,2,77.79558
CCCC(C)C(C)O,3,5,4,81.87554
CCCC(C)C(CC)O,3,5,4,82.044304
CCCC(C)C=C(C)C,2,3,2,72.434525
CCCC(C)CC,3,5,4,84.891914
CCCC(C)CCCC(C)CCCC(C)C,8,10,9,84.82119
CCCC(CC(=O)OC)O,3,4,3,84.33361
CCCC(CC)C(CC)CCC,3,6,5,80.45933
CCCC(CCCC)=CCCCCCCC,9,10,9,72.50277
CCCC(O)CCC,2,3,2,85.048164
CCCC(O)CCC,3,5,4,85.048164
CCCC/C=C/CC,2,3,2,74.023285
CCCC/C=C\C,2,3,2,73.97777
CCCC/C=C\CC,2,3,2,74.023285
CCCC12CC3CC(C1)CC(C3)C2,12,3,13,86.26451
CCCC1=CC(=C(C=C1)O)OC,10,11,10,59.514034
CCCC1=CC2=C(CCCC2)C=C1,1,2,1,76.86965
CCCC1=CC=C(C=C1)O,1,2,1,76.7647
CCCC1=CC=C(C=C1)OC,9,10,9,67.50444
CCCC1=CC=CC=C1,1,2,1,77.16157
CCCC1C2CC3CC(C2)CC1C3,1,2,1,86.05958
CCCC1CCCC1,2,3,2,84.07647
CCCC1CCCC2=CC=CC=C12,3,4,3,75.69777
CCCC1CCCC2CCCCC12,12,3,12,81.85259
CCCC1CCCCC1,2,3,2,86.23021
CCCC1OC(C)C(C)O1,5,7,6,82.01872
CCCC=C(CCCC)CCCCCCC,1,2,1,72.16282
CCCC=C1C2CC3CC(C2)CC1C3,1,2,1,72.253685
CCCC=O,1,2,1,81.70309
CCCCC,1,2,1,87.52226
CCCCC,2,3,2,87.52226
CCCCC(=O)CCCC,2,3,2,83.26549
CCCCC(=O)CCCC,6,7,6,83.26549
CCCCC(=O)OC,2,3,2,85.333595
CCCCC(=O)OC.CCCCC(=O)OC,2,3,2,85.333595
CCCCC(=O)OC.CCCCC(=O)OC,10,11,9,85.333595
CCCCC(=O)OCC,2,3,2,85.288185
CCCCC(=O)OCCC,2,3,2,85.28713
CCCCC(=O)OCCCC,2,3,2,85.28713
CCCCC(C)(C)C,3,4,3,83.93226
CCCCC(C)(C)c1ccc2ccccc2c1,3,4,3,73.51537
CCCCC(C)(CCCC)c1ccc2ccccc2c1,3,4,3,73.948784
CCCCC(C)(CCCC)c1ccc2ccccc2c1,4,6,5,73.948784
CCCCC(C)C,3,4,3,85.60947
CCCCC(C)C(=O)C,3,4,3,77.60606
CCCCC(C)CC,4,6,5,84.91763
CCCCC(CC)C1OC(C)C(C)O1,9,11,10,81.7947
CCCCC(CC)CO,4,7,6,83.536934
CCCCC(CC)COC(=O)CCCCCCCCC(=O)OCC(CC)CCCC,17,18,17,85.12304
CCCCC(CC)COC(=O)CCCCCCCCC(=O)OCC(CC)CCCC,11,12,11,85.12304
CCCCC(CC)COCCCC,4,7,6,84.23817
CCCCC(CCCC)C(CCCC)CCCC,4,9,8,80.346016
CCCCC(CCCC)CCCC,4,9,8,84.7732
CCCCC(CCCC)CCCC,3,4,3,84.7732
CCCCC(CCCC)CCCC,4,5,4,84.7732
CCCCC/C=C/C/C=C/CCCCCCCC(=O)OC,3,4,3,74.01417
CCCCC/C=C\C/C=C\C/C=C\C/C=C\CCCC(=O)OC,3,4,3,74.01417
CCCCC/C=C\C/C=C\C/C=C\CCCCC(=O)OC,3,4,3,74.01417
CCCCC/C=C\C/C=C\CCCCCCCC(=O)O,3,4,3,74.01417
CCCCC/C=C\C/C=C\CCCCCCCC(=O)OC,3,4,3,74.01417
CCCCC/C=C\C/C=C\CCCCCCCC(=O)OC.CCCCC/C=C\C/C=C\CCCCCCCC(=O)OC,3,4,3,74.01417
CCCCC/C=C\C/C=C\CCCCCCCC(=O)OC.CCCCC/C=C\C/C=C\CCCCCCCC(=O)OC,24,25,23,74.01417
CCCCC/C=C\C/C=C\CCCCCCCC(=O)OCC,3,4,3,74.01417
CCCCC/C=C\C/C=C\CCCCCCCC(=O)OCCC,3,4,3,74.01417
CCCCC/C=C\C/C=C\CCCCCCCC(=O)OCCCC,3,4,3,74.01417
CCCCC/C=C\C=C\C(=O)OCC,3,4,3,68.393654
CCCCC12CC3CC(C1)CC(C3)C2,4,5,4,86.22259
CCCCC12CC3CC(C1)CC(C3)C2,9,4,13,86.22259
CCCCC12CC3CC(C1)CC(C3)C2,13,4,14,86.22259
CCCCC1=CC=C(C=C1)CCCC,2,3,2,77.18372
CCCCC1=CC=C(C=C1)CCCC,10,11,10,77.18372
CCCCC1=CC=CC=C1,2,3,2,77.56369
CCCCC1=CC=CO1,2,3,2,73.94242
CCCCC1C(CC(=O)O1)C,4,5,4,85.11189
CCCCC1CCCC2=CC=CC=C12,4,5,4,75.73
CCCCC1CCCC2CCCCC12,13,4,13,81.94921
CCCCC1CCCCC(=O)O1,11,4,11,84.978806
CCCCC1CCCCC1,3,4,3,86.157036
CCCCC1CCCO1,8,4,8,83.8939
CCCCC=CC,2,3,2,73.97777
CCCCC=CCC,2,3,2,74.023285
CCCCC=O,2,3,2,82.07354
CCCCCC,1,2,1,87.434654
CCCCCC,3,4,3,87.434654
CCCCCC#C,3,4,3,78.32676
CCCCCC(=O)C,3,4,3,83.06259
CCCCCC(=O)CC,3,4,3,83.19686
CCCCCC(=O)CCC,7,8,7,82.87234
CCCCCC(=O)CCCCC,3,4,3,83.156845
CCCCCC(=O)CCCCC,7,8,7,83.156845
CCCCCC(=O)OCCC,3,4,3,85.14841
CCCCCC(=O)OCCCC,3,4,3,85.14841
CCCCCC(C)(C)C,4,5,4,83.874214
CCCCCC(C)C,4,5,4,85.57477
CCCCCC(C)O,4,5,4,84.91476
CCCCCC(CCC)O,4,5,4,84.98542
CCCCCC(O)CC,5,7,6,84.623604
CCCCCC/C(=C(\C)/CCC=C(C)C)/C,9,10,9,58.070778
CCCCCC/C=C(/CCC)\CCCCCCC,4,5,4,72.5387
CCCCCC/C=C\CCCCCCCCCC(=O)OC,8,9,8,73.99439
CCCCCC12CC3CC(C1)CC(C3)C2,5,6,5,86.24049
CCCCCC12CC3CC(C1)CC(C3)C2,10,5,14,86.24049
CCCCCC12CC3CC(C1)CC(C3)C2,14,5,15,86.24049
CCCCCC1=CC=CC=C1,3,4,3,77.52581
CCCCCC1OC(C)C(C)O1,7,9,8,82.01872
CCCCCC=C,3,4,3,74.30843
CCCCCC=CC,3,4,3,73.88622
CCCCCC=CCC=CCC=CCC=CCCCC(=O)OC,3,4,3,74.01417
CCCCCC=CCC=CCC=CCCCCC(=O)OC,3,4,3,74.01417
CCCCCC=CCC=CCCCCCCCC(=O)O,3,4,3,74.01417
CCCCCC=CCC=CCCCCCCCC(=O)OC,3,4,3,74.01417
CCCCCC=CCC=CCCCCCCCC(=O)OCC,3,4,3,74.01417
CCCCCC=CCC=CCCCCCCCC(=O)OCCC,3,4,3,74.01417
CCCCCC=CCC=CCCCCCCCC(=O)OCCCC,3,4,3,74.01417
CCCCCC=CCC=CCCCCCCCCO,3,4,3,74.01417
CCCCCC=O,3,4,3,82.08414
CCCCCCC,1,2,1,87.469315
CCCCCCC,4,5,4,87.469315
CCCCCCC(=C(C)CCC=C(C)C)C,9,10,9,58.070778
CCCCCCC(=O)C,4,5,4,83.05939
CCCCCCC(=O)CC,4,5,4,83.23475
CCCCCCC(=O)OC,4,5,4,85.21804
CCCCCCC(C)(C)C,5,6,5,83.85027
CCCCCCC(C)C,5,6,5,85.5626
CCCCCCC(C)C(C)CCCCCC,6,8,7,82.0021
CCCCCCC(C)C=CC(C)CCCCCC,5,6,5,73.168434
CCCCCCC(C)C=CC(C)CCCCCC,10,12,11,73.168434
CCCCCCC(C)CCC(C)C,6,8,7,84.34025
CCCCCCC(C)CCCC,5,6,5,84.95617
CCCCCCC(C)c1ccccc1,5,6,5,75.68571
CCCCCCC(CC)(CC)c1ccc2ccccc2c1,6,7,6,73.48393
CCCCCCC(CC)(CC)c1ccc2ccccc2c1,6,9,8,73.48393
CCCCCCC(CC)C(CC)CCCCCC,6,9,8,80.58966
CCCCCCC(CC=CCCCCCCCC(=O)OC)O,6,7,6,72.72356
CCCCCCC(CCC)CCC,5,6,5,84.54447
CCCCCCC(CCCC)CCCCCC,5,6,5,84.66893
CCCCCCC(CCCC)CCCCCC,6,11,10,84.66893
CCCCCCC(CCCCCC)c1ccccc1,5,6,5,76.33427
CCCCCCC(CCCCCC)c1ccccc1,6,7,6,76.33427
CCCCCCC/C(=C/CCC)/CCCC,9,10,9,72.16282
CCCCCCC/C=C(\C)/CCCCCCCC,5,6,5,72.40527
CCCCCCC1=CC=CC=C1,4,5,4,77.54734
CCCCCCC1CCCC(=O)O1,12,6,12,85.00015
CCCCCCC1CCCCC1,5,6,5,86.12007
CCCCCCC=C,4,5,4,74.32546
CCCCCCC=CCCCCCCCC(=O)OC,8,9,8,73.99439
CCCCCCC=CCCCCCCCCO,8,9,8,73.99439
CCCCCCCC,1,2,1,87.4631
CCCCCCCC,5,6,5,87.4631
CCCCCCCC(=O)C,5,6,5,82.99256
CCCCCCCC(=O)OC,5,6,5,85.14982
CCCCCCCC(=O)OCC,5,6,5,85.12468
CCCCCCCC(=O)OCCC,5,6,5,85.12368
CCCCCCCC(=O)OCCCC,5,6,5,85.12368
CCCCCCCC(C)O,6,7,6,84.936165
CCCCCCCC(CC(C)C)(CC(C)C)c1ccccc1,6,7,6,73.78008
CCCCCCCC(CC)CC,7,8,7,84.59074
CCCCCCCC(CC)CC,7,10,9,84.59074
CCCCCCCC(CCC)=CCCCCCC,12,13,12,72.5387
CCCCCCCC(CCC)CCCCCCC,6,7,6,84.57737
CCCCCCCC(CCC)CCCCCCC,7,11,10,84.57737
CCCCCCCC(CCCC)CCCC,6,7,6,84.72005
CCCCCCCC/C=C/CCCCCCCC(=O)OC,10,11,10,73.99439
CCCCCCCC/C=C/CCCCCCCC(=O)OC,6,7,6,73.99439
CCCCCCCC/C=C\CCCCCCC(CC)C(=O)[O-],10,11,10,73.99439
CCCCCCCC/C=C\CCCCCCC(CC)C(=O)[O-],6,7,6,73.99439
CCCCCCCC/C=C\CCCCCCCC(=O)O,6,7,6,73.99439
CCCCCCCC/C=C\CCCCCCCC(=O)O,10,11,10,73.99439
CCCCCCCC/C=C\CCCCCCCC(=O)OC,10,11,10,73.99439
CCCCCCCC/C=C\CCCCCCCC(=O)OC,6,7,6,73.99439
CCCCCCCC/C=C\CCCCCCCC(=O)OC(C)C,10,11,10,73.99439
CCCCCCCC/C=C\CCCCCCCC(=O)OC(C)C,6,7,6,73.99439
CCCCCCCC/C=C\CCCCCCCC(=O)OCC,6,7,6,73.99439
CCCCCCCC/C=C\CCCCCCCC(=O)OCC,10,11,10,73.99439
CCCCCCCC/C=C\CCCCCCCC(=O)OCCC,10,11,10,73.99439
CCCCCCCC/C=C\CCCCCCCC(=O)OCCC,6,7,6,73.99439
CCCCCCCC/C=C\CCCCCCCC(=O)OCCCC,10,11,10,73.99439
CCCCCCCC/C=C\CCCCCCCC(=O)OCCCC,6,7,6,73.99439
CCCCCCCC/C=C\CCCCCCCCCCCC(=O)OC,10,11,10,73.99439
CCCCCCCC/C=C\CCCCCCCCCCCC(=O)OC,6,7,6,73.99439
CCCCCCCC1=CC=CC=C1,5,6,5,77.51106
CCCCCCCC1=CC=CO1,5,6,5,73.89204
CCCCCCCC1CCC(=O)O1,1,2,1,87.4631
CCCCCCCC1OC(C)C(C)O1,9,11,10,82.01872
CCCCCCCC=C,5,6,5,74.30962
CCCCCCCC=C(CCCCCC)CCCCCC,5,6,5,72.50277
CCCCCCCC=CC(=O)OCC,5,6,5,72.56629
CCCCCCCC=O,5,6,5,82.0804
CCCCCCCCC,1,2,1,87.4631
CCCCCCCCC,6,7,6,87.4631
CCCCCCCCC(=O)OC,6,7,6,85.14982
CCCCCCCCC(C)(C)C1CCCC2CCCCC21,8,11,10,78.97269
CCCCCCCCC(C)(C)c1ccc2ccccc2c1,7,8,7,73.489845
CCCCCCCCC(C)=CCCCCCCC,11,12,11,72.40527
CCCCCCCCC(C)C(C)CCCCCCCC,8,10,9,82.0021
CCCCCCCCC(C)CCCCCCCC,7,8,7,84.92329
CCCCCCCCC(C)CCCCCCCC,8,10,9,84.92329
CCCCCCCCC(CCC)C(CCC)CCCCCCCC,8,12,11,80.2358
CCCCCCCCC(CCC)C1=CC=CC=C1,7,8,7,76.31092
CCCCCCCCC(CCCCCC)CCCCCC,8,9,8,84.617775
CCCCCCCCC(CCCCCC)CCCCCC,8,15,14,84.617775
CCCCCCCCC(CCCCCC)CCCCCC,7,8,7,84.617775
CCCCCCCCC(CCCCCCC)CCCCCCCC,8,16,15,84.617775
CCCCCCCCC(CCCCCCC)CCCCCCCC,8,9,8,84.617775
CCCCCCCCC(CCCCCCC)CCCCCCCC,7,8,7,84.617775
CCCCCCCCC1=CC=CC=C1,6,7,6,77.51106
CCCCCCCCC1CCCC2CCCCC12,17,8,17,81.928444
CCCCCCCCC1CCCc2ccccc21,8,9,8,75.717186
CCCCCCCCC1CCc2ccccc2C1CCCCCCCC,17,8,25,73.653206
CCCCCCCCC=C,6,7,6,74.30962
CCCCCCCCC=CCCCCCCCC(=O)O,6,7,6,73.99439
CCCCCCCCC=CCCCCCCCC(=O)O,10,11,10,73.99439
CCCCCCCCC=CCCCCCCCC(=O)OC,10,11,10,73.99439
CCCCCCCCC=CCCCCCCCC(=O)OC,6,7,6,73.99439
CCCCCCCCC=CCCCCCCCC(=O)OC(C)C,10,11,10,73.99439
CCCCCCCCC=CCCCCCCCC(=O)OC(C)C,6,7,6,73.99439
CCCCCCCCC=CCCCCCCCC(=O)OCC,6,7,6,73.99439
CCCCCCCCC=CCCCCCCCC(=O)OCC,10,11,10,73.99439
CCCCCCCCC=CCCCCCCCC(=O)OCC(C)C,10,11,10,73.99439
CCCCCCCCC=CCCCCCCCC(=O)OCC(C)C,6,7,6,73.99439
CCCCCCCCC=CCCCCCCCC(=O)OCC(CC)CCCC,10,11,10,73.99439
CCCCCCCCC=CCCCCCCCC(=O)OCC(CC)CCCC,6,7,6,73.99439
CCCCCCCCC=CCCCCCCCC(=O)OCCC,10,11,10,73.99439
CCCCCCCCC=CCCCCCCCC(=O)OCCC,6,7,6,73.99439
CCCCCCCCC=CCCCCCCCC(=O)OCCCC,10,11,10,73.99439
CCCCCCCCC=CCCCCCCCC(=O)OCCCC,6,7,6,73.99439
CCCCCCCCC=CCCCCCCCC(=O)OCCCCCC,10,11,10,73.99439
CCCCCCCCC=CCCCCCCCC(=O)OCCCCCC,6,7,6,73.99439
CCCCCCCCC=CCCCCCCCC(=O)OCCCCCCCC,6,7,6,73.99439
CCCCCCCCC=CCCCCCCCC(=O)OCCCCCCCC,10,11,10,73.99439
CCCCCCCCC=CCCCCCCCCCC(=O)OC,10,11,10,73.99439
CCCCCCCCC=CCCCCCCCCCC(=O)OC,6,7,6,73.99439
CCCCCCCCC=CCCCCCCCCCCCC(=O)OC,10,11,10,73.99439
CCCCCCCCC=CCCCCCCCCCCCC(=O)OC,6,7,6,73.99439
CCCCCCCCC=CCCCCCCCCO,10,11,10,73.99439
CCCCCCCCC=CCCCCCCCCO,6,7,6,73.99439
CCCCCCCCCC,1,2,1,87.4631
CCCCCCCCCC,7,8,7,87.4631
CCCCCCCCCC(=O)O,7,8,7,85.32722
CCCCCCCCCC(=O)OC,7,8,7,85.14982
CCCCCCCCCC(=O)OC(C)C,7,8,7,85.18084
CCCCCCCCCC(=O)OCC,7,8,7,85.12468
CCCCCCCCCC(=O)OCCC,7,8,7,85.12368
CCCCCCCCCC(=O)OCCCC,7,8,7,85.12368
CCCCCCCCCC(=O)OCCCCCC,7,8,7,85.12368
CCCCCCCCCC(C)C=CC(C)CCCCCCCCC,13,15,14,73.168434
CCCCCCCCCC(C)C=CC(C)CCCCCCCCC,8,9,8,73.168434
CCCCCCCCCC(C)CCC(C)CCCCCCCCC,9,11,10,84.159966
CCCCCCCCCC(C)CCC(C)CCCCCCCCC,12,13,12,84.159966
CCCCCCCCCC(C)c1ccccc1,8,9,8,75.68571
CCCCCCCCCC(CCCC)(CCCC)c1ccccc1,9,10,9,74.34788
CCCCCCCCCC(CCCC)(CCCC)c1ccccc1,9,14,13,74.34788
CCCCCCCCCC1=CC=CC=C1,7,8,7,77.51106
CCCCCCCCCC=C,7,8,7,74.30962
CCCCCCCCCC=CC=CC=CC=CC=CC=CC(=O)OC,7,8,7,68.410446
CCCCCCCCCCC,1,2,1,87.4631
CCCCCCCCCCC,8,9,8,87.4631
CCCCCCCCCCC/C=C\CCCCC(=O)OC,9,10,9,73.99439
CCCCCCCCCCC=C,8,9,8,74.30962
CCCCCCCCCCCC,1,2,1,87.4631
CCCCCCCCCCCC,9,10,9,87.4631
CCCCCCCCCCCC(=O)OC,9,10,9,85.14982
CCCCCCCCCCCC(=O)OC=C,11,13,12,79.30172
CCCCCCCCCCCC(=O)OCC,9,10,9,85.12468
CCCCCCCCCCCC(=O)OCCC,9,10,9,85.12368
CCCCCCCCCCCC(=O)OCCCC,9,10,9,85.12368
CCCCCCCCCCCC(=O)OCCCCCC,9,10,9,85.12368
CCCCCCCCCCCC(=O)OCCCCCCCC,9,10,9,85.12368
CCCCCCCCCCCC(=O)OCCCCCCCCCC,9,10,9,85.12368
CCCCCCCCCCCC=CCCCCC(=O)OC,9,10,9,73.99439
CCCCCCCCCCCCC,1,2,1,87.4631
CCCCCCCCCCCCC,10,11,10,87.4631
CCCCCCCCCCCCC(C)C1=CC=CC=C1,11,12,11,75.68571
CCCCCCCCCCCCC1=CC=CC=C1,10,11,10,77.51106
CCCCCCCCCCCCC1CCCC(C)C1,12,13,12,86.477516
CCCCCCCCCCCCC=C,10,11,10,74.30962
CCCCCCCCCCCCCC,1,2,1,87.4631
CCCCCCCCCCCCCC,11,12,11,87.4631
CCCCCCCCCCCCCC(=O)OC,11,12,11,85.14982
CCCCCCCCCCCCCC(=O)OCC,11,12,11,85.12468
CCCCCCCCCCCCCC(=O)OCCC,11,12,11,85.12368
CCCCCCCCCCCCCC(=O)OCCCC,11,12,11,85.12368
CCCCCCCCCCCCCC(=O)OCCCCCC,11,12,11,85.12368
CCCCCCCCCCCCCC(=O)OCCCCCCCC,11,12,11,85.12368
CCCCCCCCCCCCCC(=O)OCCCCCCCCCC,11,12,11,85.12368
CCCCCCCCCCCCCC(=O)OCCCCCCCCCCCC,11,12,11,85.12368
CCCCCCCCCCCCCC(C)(C)C1CCCCC1,13,16,15,80.64225
CCCCCCCCCCCCCC(C)(C)c1ccccc1,12,13,12,73.51884
CCCCCCCCCCCCCCC,1,2,1,87.4631
CCCCCCCCCCCCCCC,12,13,12,87.4631
CCCCCCCCCCCCCCC1=CC=CC=C1,12,13,12,77.51106
CCCCCCCCCCCCCCC1CCCCC1,13,14,13,86.12007
CCCCCCCCCCCCCCC=C,12,13,12,74.30962
CCCCCCCCCCCCCCCC,1,2,1,87.4631
CCCCCCCCCCCCCCCC,13,14,13,87.4631
CCCCCCCCCCCCCCCC(=O)OC,13,14,13,85.14982
CCCCCCCCCCCCCCCC(=O)OC(C)C,13,14,13,85.18084
CCCCCCCCCCCCCCCC(=O)OC(C)CC,13,14,13,85.17989
CCCCCCCCCCCCCCCC(=O)OC.CCCCCCCCCCCCCCCC(=O)OC,32,33,31,85.14982
CCCCCCCCCCCCCCCC(=O)OC.CCCCCCCCCCCCCCCC(=O)OC,13,14,13,85.14982
CCCCCCCCCCCCCCCC(=O)OCC,13,14,13,85.12468
CCCCCCCCCCCCCCCC(=O)OCC(C)C,13,14,13,85.12304
CCCCCCCCCCCCCCCC(=O)OCC(CC)CCCC,13,14,13,85.12304
CCCCCCCCCCCCCCCC(=O)OCCC,13,14,13,85.12368
CCCCCCCCCCCCCCCC(=O)OCCCC,13,14,13,85.12368
CCCCCCCCCCCCCCCC(=O)OCCCCCC,13,14,13,85.12368
CCCCCCCCCCCCCCCC(=O)OCCCCCCCCCC,13,14,13,85.12368
CCCCCCCCCCCCCCCC(C)(C)c1ccccc1,14,15,14,73.51884
CCCCCCCCCCCCCCCC(C)C,14,15,14,85.5626
CCCCCCCCCCCCCCCC(CCCC)C1CCCCC1,15,20,19,82.575386
CCCCCCCCCCCCCCCC(CCCC)c1ccccc1,14,15,14,76.329
CCCCCCCCCCCCCCCCC,1,2,1,87.4631
CCCCCCCCCCCCCCCCC,14,15,14,87.4631
CCCCCCCCCCCCCCCCC(C)C,15,16,15,85.5626
CCCCCCCCCCCCCCCCC1CC(C)C(C)CC1C,23,16,24,83.94059
CCCCCCCCCCCCCCCCC=C,14,15,14,74.30962
CCCCCCCCCCCCCCCCCC,1,2,1,87.4631
CCCCCCCCCCCCCCCCCC,15,16,15,87.4631
CCCCCCCCCCCCCCCCCC(=O)O,15,16,15,85.32722
CCCCCCCCCCCCCCCCCC(=O)O.CCCCCCCCCCCCCCCCCC(=O)O,35,36,34,85.32722
CCCCCCCCCCCCCCCCCC(=O)O.CCCCCCCCCCCCCCCCCC(=O)O,15,16,15,85.32722
CCCCCCCCCCCCCCCCCC(=O)OC,15,16,15,85.14982
CCCCCCCCCCCCCCCCCC(=O)OC(C)C,15,16,15,85.18084
CCCCCCCCCCCCCCCCCC(=O)OC(C)CC,15,16,15,85.17989
CCCCCCCCCCCCCCCCCC(=O)OC.CCCCCCCCCCCCCCCCCC(=O)OC,36,37,35,85.14982
CCCCCCCCCCCCCCCCCC(=O)OC.CCCCCCCCCCCCCCCCCC(=O)OC,15,16,15,85.14982
CCCCCCCCCCCCCCCCCC(=O)OCC,15,16,15,85.12468
CCCCCCCCCCCCCCCCCC(=O)OCC(C)C,15,16,15,85.12304
CCCCCCCCCCCCCCCCCC(=O)OCC(CC)CCCC,15,16,15,85.12304
CCCCCCCCCCCCCCCCCC(=O)OCCC,15,16,15,85.12368
CCCCCCCCCCCCCCCCCC(=O)OCCCC,15,16,15,85.12368
CCCCCCCCCCCCCCCCCCC,1,2,1,87.4631
CCCCCCCCCCCCCCCCCCC,16,17,16,87.4631
CCCCCCCCCCCCCCCCCCCC,17,18,17,87.4631
CCCCCCCCCCCCCCCCCCCC,1,2,1,87.4631
CCCCCCCCCCCCCCCCCCCC(=O)OC,17,18,17,85.14982
CCCCCCCCCCCCCCCCCCO,16,17,16,85.51864
CCCCCCCCCCCCCCCCCCOC(=O)C,1,2,1,87.4631
CCCCCCCCCCCCCCCCO,14,15,14,85.51864
CCCCCCCCCCCCCCCCOC(=O)C,1,2,1,87.4631
CCCCCCCCCCCCCCCCOC(=O)CCCCCCCCCCC,19,20,19,85.12368
CCCCCCCCCCCCCCCCc1cc(C)c(C)cc1C,14,15,14,76.73679
CCCCCCCCCCCCCCO,12,13,12,85.51864
CCCCCCCCCCCCCCOC(=O)C,1,2,1,87.4631
CCCCCCCCCCCCO,10,11,10,85.51864
CCCCCCCCCCCCOC(=O)C,1,2,1,87.4631
CCCCCCCCCCCCOC(=O)CCCC,15,16,15,85.28714
CCCCCCCCCCCCOC(=O)CCCCCCCCCCC,15,16,15,85.12368
CCCCCCCCCCCCOC=C,11,12,11,68.21954
CCCCCCCCCCCC[C@@H](C)C1CCCCC1,12,14,13,83.36581
CCCCCCCCCCCO,9,10,9,85.51864
CCCCCCCCCCO,8,9,8,85.51864
CCCCCCCCCCOC(=O)C,1,2,1,87.4631
CCCCCCCCCCOC(=O)CCCC,13,14,13,85.28714
CCCCCCCCCCOC(=O)CCCCCCCC=CCCCCCCCC,22,23,22,73.99439
CCCCCCCCCCOC(=O)CCCCCCCC=CCCCCCCCC,18,19,18,73.99439
CCCCCCCCCCOC(=O)CCCCCCCCC,13,14,13,85.12368
CCCCCCCCCO,7,8,7,85.51864
CCCCCCCCC[C@H](C)/C=C/[C@@H](C)CCCCCCCCC,13,15,14,72.42252
CCCCCCCCC[C@H](C)c1ccccc1,8,9,8,75.75924
CCCCCCCCO,6,7,6,85.51864
CCCCCCCCOC(=O)C(C)OC,11,13,12,77.338486
CCCCCCCCOC(=O)CCCC,11,12,11,85.28714
CCCCCCCCOC(=O)CCCCC(=O)OCCCCCCCC,11,12,11,85.64173
CCCCCCCCOC(=O)CCCCC(=O)OCCCCCCCC,13,14,13,85.64173
CCCCCCCCOC(=O)CCCCCCCCC(=O)OCCCCCCCC,11,12,11,85.12368
CCCCCCCCOC(=O)CCCCCCCCC(=O)OCCCCCCCC,17,18,17,85.12368
CCCCCCCCOC(C)=O,1,2,1,87.4631
CCCCCCCCOC(C)C(=O)OC,9,10,9,78.94487
CCCCCCCCOC(C)C(=O)OCC,9,10,9,79.00643
CCCCCCCCOCCCCCCCC,6,7,6,85.501335
CCCCCCCCOCCCCCCCC,9,10,9,85.501335
CCCCCCCC[C@@H](CCC)[C@H](CCC)CCCCCCCC,8,12,11,80.07644
CCCCCCCCc1ccc2ccccc2c1,6,7,6,77.27073
CCCCCCCCc1cccc(C)c1C,6,7,6,77.20147
CCCCCCCO,5,6,5,85.51864
CCCCCCCOC(=O)CC,10,11,10,86.6724
CCCCCCO,4,5,4,85.49496
CCCCCCOC,6,7,6,85.4561
CCCCCCOC(=O)C,1,2,1,87.65862
CCCCCCOC(=O)C1=CC=CC=C1C(=O)OCCCCCC,1,2,1,87.65862
CCCCCCOC(=O)C1=CC=CC=C1C(=O)OCCCCCC,21,22,21,87.65862
CCCCCCOC(=O)CCC,9,10,9,85.139565
CCCCCCOC(=O)CCC.CCCCCCOC(=O)CCC,9,10,9,85.139565
CCCCCCOC(=O)CCC.CCCCCCOC(=O)CCC,21,22,20,85.139565
CCCCCCOC(=O)CCCCC,9,10,9,85.14841
CCCCCCOC(=O)CCCCCCCC(=O)OCCCCCC,9,10,9,85.12368
CCCCCCOC(=O)CCCCCCCC(=O)OCCCCCC,14,15,14,85.12368
CCCCCCOC(C)C(=O)OC,7,8,7,78.94487
CCCCCCOCC(CC)CC,7,8,7,84.324486
CCCCCCOCCCCCC,4,5,4,85.50187
CCCCCCOCCCCCC,7,8,7,85.50187
CCCCCC[C@@H](C(C)C)C1CCCCC1,6,7,6,80.27598
CCCCCC[C@@H](C)/C=C/[C@H](C)CCCCCC,5,6,5,72.42252
CCCCCC[C@H](C/C=C\CCCCCCCC(=O)OC)O,6,7,6,72.925125
CCCCCC[C@](C)(CC)C1CCCC2CCCCC12,6,10,9,78.186455
CCCCCO,3,4,3,85.55305
CCCCCOC(=O)C,1,2,1,87.656944
CCCCCOC(=O)CCCC,8,9,8,85.28714
CCCCCOCCCCC,3,4,3,85.490364
CCCCCOCCCCC,6,7,6,85.490364
CCCCOC(=O)/C=C\C(=O)OCCCC,5,6,5,81.03626
CCCCOC(=O)/C=C\C(=O)OCCCC,9,10,9,81.03626
CCCCOC(=O)C1=CC=CC=C1C(=O)OCCCC,2,3,2,88.30962
CCCCOC(=O)C1=CC=CC=C1C(=O)OCCCC,16,17,16,88.30962
CCCCOC(=O)C=CC(=O)OCCCC,5,6,5,81.03626
CCCCOC(=O)C=CC(=O)OCCCC,9,10,9,81.03626
CCCCOC(=O)CC(=O)OCCCC,3,4,3,71.217316
CCCCOC(=O)CC(=O)OCCCC,10,11,10,71.217316
CCCCOC(=O)CCC,7,8,7,85.139565
CCCCOC(=O)CCC(=O)C,7,8,7,81.82409
CCCCOC(=O)CCC(=O)OCCCC,7,8,7,83.29488
CCCCOC(=O)CCCCC(=O)OCCCC,9,10,9,85.64173
CCCCOC(=O)CCCCC(=O)OCCCC,7,8,7,85.64173
CCCCOC(=O)CCCCCCC/C=C/C/C=C/C/C=C/CC,12,13,12,74.04171
CCCCOC(=O)CCCCCCCC(=O)OCCCC,7,8,7,85.12368
CCCCOC(=O)CCCCCCCC(=O)OCCCC,12,13,12,85.12368
CCCCOC(=O)CCCCCCCC=CCC=CCC=CCC,12,13,12,74.04171
CCCCOC(C)C(=O)OC,5,6,5,78.94487
CCCCOC(CCC)CCC,5,6,5,83.709114
CCCCOC(CCC)CCC,5,9,8,83.709114
CCCCOCC,2,3,2,85.52802
CCCCOCC(C)O,5,6,5,84.07433
CCCCOCCCC,2,3,2,85.52665
CCCCOCCCC,5,6,5,85.52665
CCCCOCCO,5,6,5,85.209984
CCCCOCOCCCC,3,4,3,85.51991
CCCCOCOCCCC,6,7,6,85.51991
CCCCc1cccc2ccccc12,2,3,2,76.43357
CCCO,1,2,1,85.66273
CCCOC(=O)CCCCCCC/C=C\C/C=C\C/C=C\CC,11,12,11,74.04171
CCCOC(=O)CCCCCCCC=CCC=CCC=CCC,11,12,11,74.04171
CCCOCCC,1,2,1,85.325485
CCCOCCC,4,5,4,85.325485
CCC[C@@H](CC)C1CCCCC1,3,6,5,82.81524
CCO,0,1,0,87.212814
CCOC(=O)C(=O)OCC,3,5,4,85.45558
CCOC(=O)C(C)OCC,5,6,5,78.572334
CCOC(=O)CC(=O)C,5,6,5,77.79347
CCOC(=O)CCC(=O)C,5,6,5,81.823586
CCOC(=O)CCC(=O)OCC,5,6,5,83.289474
CCOC(=O)CCCCC(=O)OCC,5,6,5,85.64312
CCOC(=O)CCCCC(=O)OCC,7,8,7,85.64312
CCOC(=O)CCCCCCCC(=O)OCC,10,11,10,85.12468
CCOC(=O)CCCCCCCC(=O)OCC,5,6,5,85.12468
CCOC(=O)CCCCCCCCC(=O)OCC,11,12,11,85.12468
CCOC(=O)CCCCCCCCC(=O)OCC,5,6,5,85.12468
CCOC(C)OCC,1,2,1,84.05575
CCOC(C)OCC,5,6,5,84.05575
CCOCC,1,2,1,87.07362
CCOCC,2,3,2,87.07362
CCOCC1=CC=CO1,2,3,2,70.53802
CCOCC1CCCO1,3,4,3,81.78512
CCOCCCCOCC,3,4,3,86.40235
CCOCCCCOCC,5,6,5,86.40235
CCOCCOC(C)=O,3,4,3,85.31232
CCOCCOCCO,3,4,3,82.61177
CCOCCOCCOCC,3,4,3,82.39311
CCOCCOCCOCC,6,7,6,82.39311
CCOCOCC,1,2,1,85.39909
CCOCOCC,4,5,4,85.39909
CCOCOCOCC,1,2,1,87.15976
CCOCOCOCC,6,7,6,87.15976
CCOCOCOCOCC,1,2,1,87.15976
CCOCOCOCOCC,8,9,8,87.15976
CCOCOCOCOCOCC,1,2,1,87.15976
CCOCOCOCOCOCC,10,11,10,87.15976
CC[C@@H](C)C1CCCC2CCCCC12,13,4,13,80.86734
CC[C@@H](C)C[C@@](C)(CC)c1ccc2ccccc2c1,4,5,4,72.422226
CC[C@H](C)C1CCCc2ccccc12,2,4,3,73.55144
CC[C@H](CC(C)C)[C@H](CC)CC(C)C,2,7,6,80.11875
CCc1ccccc1,0,1,0,78.659225
CO,0,2,1,95.034065
CO,0,3,2,95.034065
CO,0,4,3,95.034065
COC,0,1,0,84.27376
COC,1,2,1,84.27376
COC(=O)C(C)OCC1CC1,4,6,5,78.392784
COC(=O)C1=CC=CC=C1C(=O)OC,2,3,2,91.03042
COC(=O)C1=CC=CC=C1C(=O)OC,10,11,10,91.03042
COC(=O)CC(=O)OC,0,1,0,67.69123
COC(=O)CC(=O)OC,7,8,7,67.69123
COC(=O)CCCCC(=O)OC,4,5,4,85.65095
COC(=O)CCCCC(=O)OC,6,7,6,85.65095
COC(=O)CCCCCCCC(=O)OC,4,5,4,85.14982
COC(=O)CCCCCCCC(=O)OC,9,10,9,85.14982
COC(=O)CCCCCCCC=C,9,10,9,74.30962
COC(=O)CCCCCCCC=[CH+],9,10,9,71.7147
COC(C)COC(C)CO,2,4,3,82.12011
COC(C)COC(C)COC(C)CO,2,4,3,82.1337
COC(C1=CC=CC=C1)OC,1,2,1,77.30671
COC(C1=CC=CC=C1)OC,2,9,8,77.30671
COC1=C(C(=CC=C1)OC)O,0,1,0,69.51921
COC1=C(C(=CC=C1)OC)O,8,9,8,69.51921
COC1=C(C=CC(=C1)CC=C)O,0,1,0,59.514034
COC1=CC=C(C=C1)C=O,0,1,0,67.50444
COC1=CC=CC=C1O,0,1,0,60.128162
COC1CCCC1,1,2,1,83.32305
COCC(CO)O,3,4,3,85.7223
COCCCCCCOC,0,1,0,85.4561
COCCCCCCOC,8,9,8,85.4561
COCCCOCCCO,0,1,0,85.647675
COCCO,0,1,0,85.12189
COCCOC,2,3,2,82.50939
COCCOCCO,2,3,2,82.75348
COCCOCCOC,2,3,2,82.53442
COCCOCCOC,5,6,5,82.53442
COCCOCCOCCO,2,3,2,82.53442
COCCOCCOCCOC,2,3,2,82.53442
COCCOCCOCCOC,8,9,8,82.53442
COCOC,0,1,0,84.06548
COCOC,3,4,3,84.06548
COCOCOC,0,1,0,85.89568
COCOCOC,5,6,5,85.89568
COCOCOCOC,0,1,0,85.89568
COCOCOCOC,7,8,7,85.89568
COCOCOCOCOC,0,1,0,85.89568
COCOCOCOCOC,9,10,9,85.89568
COCOCOCOCOCOC,0,1,0,85.89568
COCOCOCOCOCOC,11,12,11,85.89568
COc1ccccc1,0,1,0,69.43562
COc1ccccc1OC,0,1,0,63.547565
COc1ccccc1OC,8,9,8,63.547565
C[C@@H]1CC[C@H](C(=O)C1)C(C)C,4,8,7,76.10989
Cc1ccc(C)cc1,0,8,8,89.36668
Cc1ccc(C)cc1,5,15,15,89.36668
Cc1ccc(C)cc1,5,14,14,89.36668
Cc1ccc(C)cc1,0,9,9,89.36668
Cc1ccc(C)cc1,0,10,10,89.36668
Cc1ccc(C)cc1,5,13,13,89.36668
Cc1cccc(C)c1C,8,20,20,88.76022
Cc1cccc(C)c1C,8,18,18,88.76022
Cc1cccc(C)c1C,8,19,19,88.76022
Cc1ccco1,0,6,6,87.06231
Cc1ccco1,0,7,7,87.06231
Cc1ccco1,0,8,8,87.06231
O(C(=O)CCCCCCCC=CCCCCCCCC)C(C)CC,8,9,8,73.99439
O(C(=O)CCCCCCCC=CCCCCCCCC)C(C)CC,12,13,12,73.99439
OCc1ccco1,0,1,0,79.66666
c1ccc2c(c1)CCCC2,8,9,8,77.498055
c1ccc2c(c1)CCCC2,6,7,6,77.498055
﻿CCCCCCCC/C=C\CCCCCCCCCC(=O)OC,10,11,10,73.99439
﻿CCCCCCCC/C=C\CCCCCCCCCC(=O)OC,6,7,6,73.99439
