can_smiles_solute,can_smiles_solvent,DGsolv,label,predicted,total_atoms_solute,total_atoms_solvent,shap_values
O=C1C=CC(=O)O1,Clc1ccccc1Cl,0.0,rxn8_r1,-6.2604938,7,8,"[-0.01604865  0.64104189 -0.56057232 -0.56057232  0.64104189 -0.01604865
  0.5118454   0.          0.          0.          0.          0.
  0.          0.          0.          0.          0.          0.
  0.          0.          0.          0.        ]"
CC1=CCC2C(=O)OC(=O)C2C1,Clc1ccccc1Cl,0.0,rxn8_p1,-10.39289,12,8,"[-0.9140107  -2.5853316  -0.01763568  0.32029565  3.13078495 -3.30067362
 -0.09630812  1.4811132  -3.11154998 -0.08620273  3.04018287 -1.35200977
  0.          0.          0.          0.          0.          0.
  0.          0.          0.          0.        ]"
C=CC(=C)C,Clc1ccccc1Cl,0.0,rxn8_r2,-3.0462146,5,8,"[-0.16618114 -0.96969599  2.27600935  1.6271499   1.0878049   0.
  0.          0.          0.          0.          0.          0.
  0.          0.          0.          0.          0.          0.
  0.          0.          0.          0.        ]"
O=C1C=CC(=O)O1,Clc1cccc(Cl)c1,0.0,rxn8_r1,-6.152175,7,8,"[-0.05049668  0.74912066 -0.61944876 -0.61944876  0.74912066 -0.05049668
  0.59017793  0.          0.          0.          0.          0.
  0.          0.          0.          0.          0.          0.
  0.          0.          0.          0.        ]"
CC1=CCC2C(=O)OC(=O)C2C1,Clc1cccc(Cl)c1,0.0,rxn8_p1,-10.218453,12,8,"[-0.92268474 -2.60828877  0.02589578  0.33297898  3.23139691 -3.39893271
 -0.10019455  1.58844805 -3.2129626  -0.09005367  3.14491195 -1.30740337
  0.          0.          0.          0.          0.          0.
  0.          0.          0.          0.        ]"
C=CC(=C)C,Clc1cccc(Cl)c1,0.0,rxn8_r2,-2.9363127,5,8,"[-0.02569216 -0.98514408  2.21272405  1.66452179  1.09848697  0.
  0.          0.          0.          0.          0.          0.
  0.          0.          0.          0.          0.          0.
  0.          0.          0.          0.        ]"
O=C1C=CC(=O)O1,COc1ccccc1,0.0,rxn8_r1,-6.806071,7,8,"[-0.19219576  0.91079174 -0.63776023 -0.63776023  0.91079174 -0.19219576
 -0.06673924  0.          0.          0.          0.          0.
  0.          0.          0.          0.          0.          0.
  0.          0.          0.          0.        ]"
CC1=CCC2C(=O)OC(=O)C2C1,COc1ccccc1,0.0,rxn8_p1,-10.532218,12,8,"[-0.34758343 -1.01707004 -0.08457945 -0.09156145  1.01543371 -1.81785301
  0.01427049  0.12605017 -1.70192016  0.01718204  1.03031548 -0.77372468
  0.          0.          0.          0.          0.          0.
  0.          0.          0.          0.        ]"
C=CC(=C)C,COc1ccccc1,0.0,rxn8_r2,-3.0482433,5,8,"[-0.27225781 -1.037566    2.40390453  1.6957548   1.06328508  0.
  0.          0.          0.          0.          0.          0.
  0.          0.          0.          0.          0.          0.
  0.          0.          0.          0.        ]"
O=C1C=CC(=O)O1,c1ccccc1,0.0,rxn8_r1,-6.458609,7,6,"[-0.17322321  1.02827288 -0.49196452 -0.49196452  1.02827288 -0.17322321
 -0.28400417  0.          0.          0.          0.          0.
  0.          0.          0.          0.          0.          0.
  0.          0.          0.          0.        ]"
CC1=CCC2C(=O)OC(=O)C2C1,c1ccccc1,0.0,rxn8_p1,-10.894082,12,6,"[-0.40861641 -1.30157613 -0.12916938 -0.02997818  1.44256807 -2.144823
 -0.06859491  0.26980454 -2.02008475 -0.06352893  1.41459891 -0.95347792
  0.          0.          0.          0.          0.          0.
  0.          0.          0.          0.        ]"
C=CC(=C)C,c1ccccc1,0.0,rxn8_r2,-3.1910899,5,6,"[-0.19695364 -1.12288537  2.12414354  1.81545489  1.09040785  0.
  0.          0.          0.          0.          0.          0.
  0.          0.          0.          0.          0.          0.
  0.          0.          0.          0.        ]"
O=C1C=CC(=O)O1,N#Cc1ccccc1,0.0,rxn8_r1,-7.3505883,7,8,"[-0.44362723  0.88030987 -1.05927141 -1.05927141  0.88030987 -0.44362723
  0.7960684   0.          0.          0.          0.          0.
  0.          0.          0.          0.          0.          0.
  0.          0.          0.          0.        ]"
CC1=CCC2C(=O)OC(=O)C2C1,N#Cc1ccccc1,0.0,rxn8_p1,-10.891804,12,8,"[ 0.41281627  1.11961225 -0.29422819 -0.55320203 -1.55099575 -0.01944744
 -0.04745311 -1.73847266 -0.00925875 -0.05232988 -1.34644388  0.08863
  0.          0.          0.          0.          0.          0.
  0.          0.          0.          0.        ]"
C=CC(=C)C,N#Cc1ccccc1,0.0,rxn8_r2,-2.9186184,5,8,"[-0.45806217 -1.17290737  2.62378876  1.88943373  1.10009794  0.
  0.          0.          0.          0.          0.          0.
  0.          0.          0.          0.          0.          0.
  0.          0.          0.          0.        ]"
O=C1C=CC(=O)O1,Clc1ccccc1,0.0,rxn8_r1,-6.2712765,7,7,"[-0.05369979  0.73317037 -0.50237521 -0.50237521  0.73317037 -0.05369979
  0.27543694  0.          0.          0.          0.          0.
  0.          0.          0.          0.          0.          0.
  0.          0.          0.          0.        ]"
CC1=CCC2C(=O)OC(=O)C2C1,Clc1ccccc1,0.0,rxn8_p1,-10.429127,12,7,"[-0.71687423 -2.09367463 -0.02890421  0.2000912   2.36335673 -2.77646879
 -0.02705902  0.97988051 -2.61470146 -0.01942491  2.3030561  -1.09709016
  0.          0.          0.          0.          0.          0.
  0.          0.          0.          0.        ]"
C=CC(=C)C,Clc1ccccc1,0.0,rxn8_r2,-3.1387324,5,7,"[-0.04212098 -1.07680416  2.1203447   1.68738792  1.07409396  0.
  0.          0.          0.          0.          0.          0.
  0.          0.          0.          0.          0.          0.
  0.          0.          0.          0.        ]"
O=C1C=CC(=O)O1,CC(C)OC(C)C,0.0,rxn8_r1,-6.285583,7,7,"[-0.1161756   1.01727527 -0.50450581 -0.50450581  1.01727527 -0.1161756
 -0.17796094  0.          0.          0.          0.          0.
  0.          0.          0.          0.          0.          0.
  0.          0.          0.          0.        ]"
CC1=CCC2C(=O)OC(=O)C2C1,CC(C)OC(C)C,0.0,rxn8_p1,-9.813838,12,7,"[-0.35834634 -0.84940543 -0.10760208  0.00303643  1.24925925 -1.70156274
 -0.08502845 -0.01958588 -1.59367863 -0.0814281   1.2943037  -0.66381311
  0.          0.          0.          0.          0.          0.
  0.          0.          0.          0.        ]"
C=CC(=C)C,CC(C)OC(C)C,0.0,rxn8_r2,-3.2201753,5,7,"[-0.46041052 -1.09184202  2.43586527  1.79517446  1.00227197  0.
  0.          0.          0.          0.          0.          0.
  0.          0.          0.          0.          0.          0.
  0.          0.          0.          0.        ]"
O=C1C=CC(=O)O1,COc1ccccc1OC,0.0,rxn8_r1,-7.197369,7,10,"[-0.17495115  0.74234942 -0.58772883 -0.58772883  0.74234942 -0.17495115
 -0.25445266  0.          0.          0.          0.          0.
  0.          0.          0.          0.          0.          0.
  0.          0.          0.          0.        ]"
CC1=CCC2C(=O)OC(=O)C2C1,COc1ccccc1OC,0.0,rxn8_p1,-10.570739,12,10,"[-0.03077415  0.09412204 -0.20339406 -0.27614866 -0.14578548 -0.89115744
 -0.10567513 -0.92367607 -0.81963537 -0.10684362 -0.01179249 -0.24829896
  0.          0.          0.          0.          0.          0.
  0.          0.          0.          0.        ]"
C=CC(=C)C,COc1ccccc1OC,0.0,rxn8_r2,-2.9590046,5,10,"[-0.4628907  -1.10197552  2.64451734  1.76343251  1.09880873  0.
  0.          0.          0.          0.          0.          0.
  0.          0.          0.          0.          0.          0.
  0.          0.          0.          0.        ]"
C1=CCC=C1,OCCO,0.0,rxn9_r1,-2.1890512,5,4,"[ 2.55757775 -0.54031292  0.67734085 -0.54031292  2.55757775  0.
  0.          0.          0.          0.          0.          0.
  0.          0.          0.          0.          0.          0.
  0.          0.          0.          0.        ]"
CC(=O)C1CC2C=CC1C2,OCCO,0.0,rxn9_p1,-6.5057807,10,4,"[ 0.52663001  0.30424085  0.51059254 -0.28716609 -0.4106183  -0.1418104
  0.22250421  0.10258826 -0.15605533 -0.27485665  0.          0.
  0.          0.          0.          0.          0.          0.
  0.          0.          0.          0.        ]"
C=CC(C)=O,OCCO,0.0,rxn9_r2,-4.2421336,5,4,"[ 0.28712179 -0.08974108 -0.56736064  0.87357546  2.15497354  0.
  0.          0.          0.          0.          0.          0.
  0.          0.          0.          0.          0.          0.
  0.          0.          0.          0.        ]"
C1=CCC=C1,NC=O,0.0,rxn9_r1,-1.8404632,5,3,"[ 2.23049288 -0.12324258  0.84599851 -0.12324258  2.23049288  0.
  0.          0.          0.          0.          0.          0.
  0.          0.          0.          0.          0.          0.
  0.          0.          0.          0.        ]"
CC(=O)C1CC2C=CC1C2,NC=O,0.0,rxn9_p1,-6.6377735,10,3,"[ 0.50682448  0.3469133   0.51403072 -0.16718163 -0.43912013 -0.18905905
  0.19302116  0.07763323 -0.28001984 -0.29837622  0.          0.
  0.          0.          0.          0.          0.          0.
  0.          0.          0.          0.        ]"
C=CC(C)=O,NC=O,0.0,rxn9_r2,-4.571348,5,3,"[ 0.5239972  -0.21883895 -0.11217994  0.62889096  1.50749038  0.
  0.          0.          0.          0.          0.          0.
  0.          0.          0.          0.          0.          0.
  0.          0.          0.          0.        ]"
C1=CCC=C1,CC(C)CC(C)(C)C,0.0,rxn9_r1,-3.0824769,5,8,"[ 2.28321372 -0.58107786  0.41394404 -0.58107786  2.28321372  0.
  0.          0.          0.          0.          0.          0.
  0.          0.          0.          0.          0.          0.
  0.          0.          0.          0.        ]"
CC(=O)C1CC2C=CC1C2,CC(C)CC(C)(C)C,0.0,rxn9_p1,-6.4414177,10,8,"[ 0.17538145  0.16492181  0.56981002 -0.36447921 -0.08692114 -0.10581948
  0.18084165  0.18520473 -0.18254764 -0.07546987  0.          0.
  0.          0.          0.          0.          0.          0.
  0.          0.          0.          0.        ]"
C=CC(C)=O,CC(C)CC(C)(C)C,0.0,rxn9_r2,-3.0585792,5,8,"[0.62931092 0.67782865 0.05014016 0.79206983 1.69266385 0.
 0.         0.         0.         0.         0.         0.
 0.         0.         0.         0.         0.         0.
 0.         0.         0.         0.        ]"
C1=CCC=C1,CO,0.0,rxn9_r1,-3.1341536,5,2,"[ 2.22880286 -0.58447161  0.4785113  -0.58447161  2.22880286  0.
  0.          0.          0.          0.          0.          0.
  0.          0.          0.          0.          0.          0.
  0.          0.          0.          0.        ]"
CC(=O)C1CC2C=CC1C2,CO,0.0,rxn9_p1,-7.6841784,10,2,"[ 0.35376506  0.03239814  0.46376469 -0.41198004 -0.19552169 -0.52155178
  0.11940857  0.08646925 -0.50105998 -0.20761714  0.          0.
  0.          0.          0.          0.          0.          0.
  0.          0.          0.          0.        ]"
C=CC(C)=O,CO,0.0,rxn9_r2,-4.96732,5,2,"[-0.22531682  0.46633768  0.5540412   0.33514679  0.80328753  0.
  0.          0.          0.          0.          0.          0.
  0.          0.          0.          0.          0.          0.
  0.          0.          0.          0.        ]"
C1=CCC=C1,O,0.0,rxn9_r1,-0.4331482,5,1,"[ 2.66170071 -0.44733619  2.03877701 -0.44733619  2.66170071  0.
  0.          0.          0.          0.          0.          0.
  0.          0.          0.          0.          0.          0.
  0.          0.          0.          0.        ]"
CC(=O)C1CC2C=CC1C2,O,0.0,rxn9_p1,-5.3706827,10,1,"[ 0.46690233  1.27133846  0.67988282  0.05759855 -0.60550474 -0.01979438
  0.26368717  0.06594174 -0.23928434 -0.40923732  0.          0.
  0.          0.          0.          0.          0.          0.
  0.          0.          0.          0.        ]"
C=CC(C)=O,O,0.0,rxn9_r2,-4.391602,5,1,"[ 0.05963628 -0.49090983  0.05235397  0.85293995  2.03512837  0.
  0.          0.          0.          0.          0.          0.
  0.          0.          0.          0.          0.          0.
  0.          0.          0.          0.        ]"
O=C=C(c1ccccc1)c1ccccc1,CC(C)=O,0.0,rxn11_r1,-11.896649,15,4,"[-2.93741459 -5.43520051 -4.67895745 -0.26939822  2.00615769  0.15745229
 -0.03017953  0.15745229  2.00615769 -0.26939822  2.00615769  0.15745229
 -0.03017953  0.15745229  2.00615769  0.          0.          0.
  0.          0.          0.          0.        ]"
CCCCOC1COC1=C(c1ccccc1)c1ccccc1,CC(C)=O,0.0,rxn11_p1,-15.013579,22,4,"[-0.2595601   0.82688876  0.49177617 -0.47854702  0.25665018  1.10512182
 -0.38213905 -0.99681681  1.250429    4.54275866 -0.59522625 -1.17893254
 -1.30694944 -1.6662024  -1.30694944 -1.17893254 -0.59522625 -1.17893254
 -1.30694944 -1.6662024  -1.30694944 -1.17893254]"
C=COCCCC,CC(C)=O,0.0,rxn11_r2,-4.138436,7,4,"[ 1.46787369  0.04113855  3.1544329   0.33720914 -0.25737904 -1.45232359
 -0.5282181   0.          0.          0.          0.          0.
  0.          0.          0.          0.          0.          0.
  0.          0.          0.          0.        ]"
O=C=C(c1ccccc1)c1ccccc1,CC#N,0.0,rxn11_r1,-11.201804,15,3,"[-2.45989391 -4.90747595 -3.08793535 -0.89934147  1.86595267  0.15100994
 -0.05798668  0.15100994  1.86595267 -0.89934147  1.86595267  0.15100994
 -0.05798668  0.15100994  1.86595267  0.          0.          0.
  0.          0.          0.          0.        ]"
CCCCOC1COC1=C(c1ccccc1)c1ccccc1,CC#N,0.0,rxn11_p1,-14.0097,22,3,"[-0.45842967  1.08711144  0.82196065 -0.31177849  0.50215004  2.03027865
 -0.07596892 -1.07580124  1.64447394  7.05254232 -0.75505673 -1.31567527
 -1.73963756 -2.29588457 -1.73963756 -1.31567527 -0.75505673 -1.31567527
 -1.73963756 -2.29588457 -1.73963756 -1.31567527]"
C=COCCCC,CC#N,0.0,rxn11_r2,-3.8443923,7,3,"[ 1.23868044  1.37520358  4.23119003 -0.94159221  1.08923187 -1.15359314
 -2.78204387  0.          0.          0.          0.          0.
  0.          0.          0.          0.          0.          0.
  0.          0.          0.          0.        ]"
O=C=C(c1ccccc1)c1ccccc1,c1ccccc1,0.0,rxn11_r1,-12.010919,15,6,"[-2.51515089 -3.91807892 -7.48777284  1.38582833  1.89420998 -0.25732677
 -0.25479272 -0.25732677  1.89420998  1.38582833  1.89420998 -0.25732677
 -0.25479272 -0.25732677  1.89420998  0.          0.          0.
  0.          0.          0.          0.        ]"
CCCCOC1COC1=C(c1ccccc1)c1ccccc1,c1ccccc1,0.0,rxn11_p1,-15.738316,22,6,"[ 0.04789552  0.27440242  0.26547534 -1.24961898 -0.32892413 -0.69732469
 -0.67183221 -0.93247045  0.38658195  1.72499082 -0.20218954 -0.89281172
 -0.60914853 -0.62117798 -0.60914853 -0.89281172 -0.20218954 -0.89281172
 -0.60914853 -0.62117798 -0.60914853 -0.89281172]"
C=COCCCC,c1ccccc1,0.0,rxn11_r2,-4.6747074,7,6,"[ 0.5440037   0.66189489  0.55660797  0.86667944  0.00455661 -0.99425526
  0.58688231  0.          0.          0.          0.          0.
  0.          0.          0.          0.          0.          0.
  0.          0.          0.          0.        ]"
O=C=C(c1ccccc1)c1ccccc1,N#Cc1ccccc1,0.0,rxn11_r1,-11.700743,15,8,"[-2.68532126 -4.27972484 -6.37281626  0.70546165  1.89147598 -0.03924699
 -0.14073406 -0.03924699  1.89147598  0.70546165  1.89147598 -0.03924699
 -0.14073406 -0.03924699  1.89147598  0.          0.          0.
  0.          0.          0.          0.        ]"
CCCCOC1COC1=C(c1ccccc1)c1ccccc1,N#Cc1ccccc1,0.0,rxn11_p1,-15.534853,22,8,"[-0.2004125   0.4398385   0.40681952 -0.84590631 -0.05856507  0.25891222
 -0.47939235 -0.91477599  0.60849303  3.65411809 -0.57478128 -1.00144041
 -0.9813655  -1.21078338 -0.9813655  -1.00144041 -0.57478128 -1.00144041
 -0.9813655  -1.21078338 -0.9813655  -1.00144041]"
C=COCCCC,N#Cc1ccccc1,0.0,rxn11_r2,-4.3723173,7,8,"[ 1.18001488 -0.68864704  1.71419599  1.27964611 -0.35644089 -1.63885812
  1.03864931  0.          0.          0.          0.          0.
  0.          0.          0.          0.          0.          0.
  0.          0.          0.          0.        ]"
O=C=C(c1ccccc1)c1ccccc1,ClC(Cl)(Cl)Cl,0.0,rxn11_r1,-10.881956,15,5,"[-2.1437416  -3.35519634 -6.97105957  1.41705736  1.71560307 -0.20432295
 -0.19565107 -0.20432295  1.71560307  1.41705736  1.71560307 -0.20432295
 -0.19565107 -0.20432295  1.71560307  0.          0.          0.
  0.          0.          0.          0.        ]"
CCCCOC1COC1=C(c1ccccc1)c1ccccc1,ClC(Cl)(Cl)Cl,0.0,rxn11_p1,-14.981525,22,5,"[ 0.49101683  0.27678929 -0.31069765 -1.24609771 -0.65526848 -2.02441096
 -1.06575625 -1.00648136  0.06361687 -2.1897327   0.1991559  -0.63369389
  0.16515225  0.53316848  0.16515225 -0.63369389  0.1991559  -0.63369389
  0.16515225  0.53316848  0.16515225 -0.63369389]"
C=COCCCC,ClC(Cl)(Cl)Cl,0.0,rxn11_r2,-4.583997,7,5,"[ 0.74740496 -1.37759713 -0.51397656  2.29680357 -0.80454335 -1.31926045
  3.28817385  0.          0.          0.          0.          0.
  0.          0.          0.          0.          0.          0.
  0.          0.          0.          0.        ]"
O=C=C(c1ccccc1)c1ccccc1,Clc1ccccc1,0.0,rxn11_r1,-11.694129,15,7,"[-2.39476065 -3.50273515 -7.45705307  1.63746997  1.77805525 -0.31797087
 -0.27688931 -0.31797087  1.77805525  1.63746997  1.77805525 -0.31797087
 -0.27688931 -0.31797087  1.77805525  0.          0.          0.
  0.          0.          0.          0.        ]"
CCCCOC1COC1=C(c1ccccc1)c1ccccc1,Clc1ccccc1,0.0,rxn11_p1,-15.500392,22,7,"[ 0.36333335  0.37098506  0.04162725 -1.32764819 -0.44232714 -1.2770268
 -0.83410232 -0.91996967  0.38922913  0.09446776  0.00278053 -0.84075283
 -0.3318521  -0.18544728 -0.3318521  -0.84075283  0.00278053 -0.84075283
 -0.3318521  -0.18544728 -0.3318521  -0.84075283]"
C=COCCCC,Clc1ccccc1,0.0,rxn11_r2,-4.6541214,7,7,"[ 0.6594337   0.89457244  1.06796254  0.40986358  0.34295174 -0.96698138
 -0.16098598  0.          0.          0.          0.          0.
  0.          0.          0.          0.          0.          0.
  0.          0.          0.          0.        ]"
O=C=C(c1ccccc1)c1ccccc1,C1CCCCC1,0.0,rxn11_r1,-9.975922,15,6,"[-2.23254999 -3.12129294 -7.60019969  2.09632211  1.59103894 -0.12325539
 -0.09181191 -0.12325539  1.59103894  2.09632211  1.59103894 -0.12325539
 -0.09181191 -0.12325539  1.59103894  0.          0.          0.
  0.          0.          0.          0.        ]"
CCCCOC1COC1=C(c1ccccc1)c1ccccc1,C1CCCCC1,0.0,rxn11_p1,-14.408731,22,6,"[ 1.16874643  0.44090845 -0.75287886 -1.55114407 -1.3355957  -3.72280188
 -1.52833026 -0.82367176 -1.05251849 -6.07578753  0.80776852 -0.34750182
  0.99579356  1.75896377  0.99579356 -0.34750182  0.80776852 -0.34750182
  0.99579356  1.75896377  0.99579356 -0.34750182]"
C=COCCCC,C1CCCCC1,0.0,rxn11_r2,-4.2996855,7,6,"[ 0.54697542 -0.20845913  0.10319456  1.14686339 -0.01370091 -0.59570413
  1.62256849  0.          0.          0.          0.          0.
  0.          0.          0.          0.          0.          0.
  0.          0.          0.          0.        ]"
O=C=C(c1ccccc1)c1ccccc1,ClCCl,0.0,rxn11_r1,-12.689583,15,3,"[-2.43902721 -4.25122608 -5.2067369   0.48307732  1.82740151 -0.36806247
 -0.34800148 -0.36806247  1.82740151  0.48307732  1.82740151 -0.36806247
 -0.34800148 -0.36806247  1.82740151  0.          0.          0.
  0.          0.          0.          0.        ]"
CCCCOC1COC1=C(c1ccccc1)c1ccccc1,ClCCl,0.0,rxn11_p1,-16.66978,22,3,"[-0.46610894 -0.09999873  0.50923704 -1.21233291  0.23187487  0.60611479
 -0.39594296 -0.896895    0.9730993   4.39005467 -0.89129097 -0.9990513
 -1.16970329 -1.47354434 -1.16970329 -0.9990513  -0.89129097 -0.9990513
 -1.16970329 -1.47354434 -1.16970329 -0.9990513 ]"
C=COCCCC,ClCCl,0.0,rxn11_r2,-5.0225425,7,3,"[ 0.13789312  3.37377718  2.46793357 -1.83046076  1.75459388 -0.3403281
 -3.68429121  0.          0.          0.          0.          0.
  0.          0.          0.          0.          0.          0.
  0.          0.          0.          0.        ]"
O=C=C(c1ccccc1)c1ccccc1,CCCCCC,0.0,rxn11_r1,-9.863301,15,6,"[-2.19098337 -2.18673565 -9.61069251  3.16333354  1.51098804 -0.26170598
 -0.14881979 -0.26170598  1.51098804  3.16333354  1.51098804 -0.26170598
 -0.14881979 -0.26170598  1.51098804  0.          0.          0.
  0.          0.          0.          0.        ]"
CCCCOC1COC1=C(c1ccccc1)c1ccccc1,CCCCCC,0.0,rxn11_p1,-14.2360735,22,6,"[ 1.28993171  0.6073596  -0.78114628 -1.73856894 -1.40918411 -4.27731134
 -1.77819607 -0.9113577  -1.05684932 -7.26341852  1.05349056 -0.32297482
  1.23362459  2.11750284  1.23362459 -0.32297482  1.05349056 -0.32297482
  1.23362459  2.11750284  1.23362459 -0.32297482]"
C=COCCCC,CCCCCC,0.0,rxn11_r2,-4.271489,7,6,"[ 1.02283956 -1.52151462  0.24767482  1.94215216 -0.91556331 -0.96875843
  2.82303231  0.          0.          0.          0.          0.
  0.          0.          0.          0.          0.          0.
  0.          0.          0.          0.        ]"
O=C=C(c1ccccc1)c1ccccc1,Cc1ccccc1,0.0,rxn11_r1,-11.686826,15,7,"[-2.41233706 -3.34259917 -8.40142363  1.99639366  1.8085227  -0.32632939
 -0.27570424 -0.32632939  1.8085227   1.99639366  1.8085227  -0.32632939
 -0.27570424 -0.32632939  1.8085227   0.          0.          0.
  0.          0.          0.          0.        ]"
CCCCOC1COC1=C(c1ccccc1)c1ccccc1,Cc1ccccc1,0.0,rxn11_p1,-15.476764,22,7,"[ 0.29684271  0.32418702  0.08675984 -1.35767338 -0.4092353  -1.13420698
 -0.80454544 -0.9752769   0.2776852   0.30051411  0.00852549 -0.79828089
 -0.38512466 -0.2314427  -0.38512466 -0.79828089  0.00852549 -0.79828089
 -0.38512466 -0.2314427  -0.38512466 -0.79828089]"
C=COCCCC,Cc1ccccc1,0.0,rxn11_r2,-4.6444006,7,7,"[ 0.84631839  0.31993204  0.85873856  0.97395652 -0.27181628 -1.12549781
  0.6548034   0.          0.          0.          0.          0.
  0.          0.          0.          0.          0.          0.
  0.          0.          0.          0.        ]"
C1CCNCC1,CC#N,0.0,rxn12_r1,-4.5758643,6,3,"[0.1876531  0.19283697 0.64035006 0.47154084 0.64035006 0.19283697
 0.         0.         0.         0.         0.         0.
 0.         0.         0.         0.         0.         0.
 0.         0.         0.         0.        ]"
COC(=O)C=CN1CCCCC1,CC#N,0.0,rxn12_p1,-9.406756,12,3,"[  0.67668219  10.12847013  23.15508776  -0.53168485   1.93125935
  -4.15836371 -24.03625069  -3.52479386  -0.65883244  -1.30587209
  -0.65883244  -3.52479386   0.           0.           0.
   0.           0.           0.           0.           0.
   0.           0.        ]"
C#CC(=O)OC,CC#N,0.0,rxn12_r2,-5.093662,6,3,"[ 2.32578964 -0.82118649 -1.37429539  0.13748054 -0.42052914  1.96023266
  0.          0.          0.          0.          0.          0.
  0.          0.          0.          0.          0.          0.
  0.          0.          0.          0.        ]"
C1CCNCC1,c1ccccc1,0.0,rxn12_r1,-5.055885,6,6,"[0.12964344 0.27010779 0.40369412 0.3672457  0.40369412 0.27010779
 0.         0.         0.         0.         0.         0.
 0.         0.         0.         0.         0.         0.
 0.         0.         0.         0.        ]"
COC(=O)C=CN1CCCCC1,c1ccccc1,0.0,rxn12_p1,-10.008618,12,6,"[-1.56354179  2.96819601  3.32955873 -0.21289347  2.53942598 -1.60148932
  1.50025312 -0.45718465 -2.85132239 -3.45320264 -2.85132239 -0.45718465
  0.          0.          0.          0.          0.          0.
  0.          0.          0.          0.        ]"
C#CC(=O)OC,c1ccccc1,0.0,rxn12_r2,-4.584242,6,6,"[ 0.83957273 -1.97778118 -0.40671711  1.78844339  0.56276171  1.51115057
  0.          0.          0.          0.          0.          0.
  0.          0.          0.          0.          0.          0.
  0.          0.          0.          0.        ]"
C1CCNCC1,C1CCCCC1,0.0,rxn12_r1,-4.4279547,6,6,"[0.43932283 0.45533996 0.3427577  0.43729462 0.3427577  0.45533996
 0.         0.         0.         0.         0.         0.
 0.         0.         0.         0.         0.         0.
 0.         0.         0.         0.        ]"
COC(=O)C=CN1CCCCC1,C1CCCCC1,0.0,rxn12_p1,-8.308395,12,6,"[ -0.7732211   -7.82118097 -20.42599759   1.15927881  -1.30628417
   3.34931207  19.30492002   2.48421683  -0.11193255   0.35900809
  -0.11193255   2.48421683   0.           0.           0.
   0.           0.           0.           0.           0.
   0.           0.        ]"
C#CC(=O)OC,C1CCCCC1,0.0,rxn12_r2,-3.2368517,6,6,"[ 2.47462256  0.57172668 -2.10687551  0.37006611  0.93176124  1.42286321
  0.          0.          0.          0.          0.          0.
  0.          0.          0.          0.          0.          0.
  0.          0.          0.          0.        ]"
C1CCNCC1,CCOCC,0.0,rxn12_r1,-4.888475,6,5,"[0.1696946  0.18794881 0.56592807 0.33463131 0.56592807 0.18794881
 0.         0.         0.         0.         0.         0.
 0.         0.         0.         0.         0.         0.
 0.         0.         0.         0.        ]"
COC(=O)C=CN1CCCCC1,CCOCC,0.0,rxn12_p1,-9.299231,12,5,"[  0.14686248   6.07842552  12.34407546   0.1314244    1.20021267
  -2.48579392 -12.62866706  -2.23312158  -0.80579873  -1.10768386
  -0.80579873  -2.23312158   0.           0.           0.
   0.           0.           0.           0.           0.
   0.           0.        ]"
C#CC(=O)OC,CCOCC,0.0,rxn12_r2,-4.4151225,6,5,"[ 3.01251712 -0.94238234 -1.4723123  -0.6567178   0.66125649  1.88310467
  0.          0.          0.          0.          0.          0.
  0.          0.          0.          0.          0.          0.
  0.          0.          0.          0.        ]"
C1CCNCC1,C1COCCO1,0.0,rxn12_r1,-4.860031,6,6,"[0.3661313  0.08747006 0.70282215 0.09408186 0.70282215 0.08747006
 0.         0.         0.         0.         0.         0.
 0.         0.         0.         0.         0.         0.
 0.         0.         0.         0.        ]"
COC(=O)C=CN1CCCCC1,C1COCCO1,0.0,rxn12_p1,-9.668392,12,6,"[  0.82689724   9.22989022  21.85009058  -0.45526993   0.99200666
  -3.90697764 -22.77326378  -3.56857277  -0.29509904  -0.80360656
  -0.29509904  -3.56857277   0.           0.           0.
   0.           0.           0.           0.           0.
   0.           0.        ]"
C#CC(=O)OC,C1COCCO1,0.0,rxn12_r2,-5.1215196,6,6,"[ 2.15806066 -1.88781452 -0.91696079 -0.13593459  0.448988    2.1127714
  0.          0.          0.          0.          0.          0.
  0.          0.          0.          0.          0.          0.
  0.          0.          0.          0.        ]"
C1CCNCC1,CO,0.0,rxn12_r1,-6.4332747,6,2,"[-0.39419455 -0.15320361  0.47009302  0.22923215  0.47009302 -0.15320361
  0.          0.          0.          0.          0.          0.
  0.          0.          0.          0.          0.          0.
  0.          0.          0.          0.        ]"
COC(=O)C=CN1CCCCC1,CO,0.0,rxn12_p1,-10.032762,12,2,"[ 1.16860452  0.46549962  1.98814901  0.53048576 -1.75794645 -0.15957223
 -9.74697056 -1.14823737  2.16383447  2.3453381   2.16383447 -1.14823737
  0.          0.          0.          0.          0.          0.
  0.          0.          0.          0.        ]"
C#CC(=O)OC,CO,0.0,rxn12_r2,-4.6258993,6,2,"[ 2.4078592  -0.86694164 -0.92774711 -0.1752597  -0.41012449  2.24726317
  0.          0.          0.          0.          0.          0.
  0.          0.          0.          0.          0.          0.
  0.          0.          0.          0.        ]"
O=C(OO)c1ccccc1,CN(C)C=O,0.0,rxn13_r1,-10.21506,10,5,"[ 2.52276476 -2.77678967 -1.89503076 -0.04122364  0.46789185 -3.78345681
  3.32859695 -0.67934541  3.32859695 -3.78345681  0.          0.
  0.          0.          0.          0.          0.          0.
  0.          0.          0.          0.        ]"
O=C(O)c1ccccc1,CN(C)C=O,0.0,rxn13_p1,-10.3436575,9,5,"[-1.49905482 10.23167966 -1.57780025  6.89346339 -4.65442426 -2.429978
 -3.32212334 -2.429978   -4.65442426  0.          0.          0.
  0.          0.          0.          0.          0.          0.
  0.          0.          0.          0.        ]"
C1=CCCCC1,CN(C)C=O,0.0,rxn13_r2,-3.5256562,6,5,"[0.44463903 0.44463903 0.56827176 0.67490565 0.67490565 0.56827176
 0.         0.         0.         0.         0.         0.
 0.         0.         0.         0.         0.         0.
 0.         0.         0.         0.        ]"
C1CCC2OC2C1,CN(C)C=O,0.0,rxn13_p2,-4.841355,7,5,"[  3.31459713   3.31459713   2.74234711   1.11423674 -12.28205581
   1.11423674   2.74234711   0.           0.           0.
   0.           0.           0.           0.           0.
   0.           0.           0.           0.           0.
   0.           0.        ]"
O=C(OO)c1ccccc1,C1COCCO1,0.0,rxn13_r1,-9.718532,10,6,"[ 1.73765708 -1.58523502 -0.87985008  0.26963621  0.02416473 -3.06230827
  2.15859784 -0.57510136  2.15859784 -3.06230827  0.          0.
  0.          0.          0.          0.          0.          0.
  0.          0.          0.          0.        ]"
O=C(O)c1ccccc1,C1COCCO1,0.0,rxn13_p1,-9.901039,9,6,"[-0.7692605   6.85483491 -0.79914104  4.49409473 -3.17526474 -2.07464349
 -2.27972835 -2.07464349 -3.17526474  0.          0.          0.
  0.          0.          0.          0.          0.          0.
  0.          0.          0.          0.        ]"
C1=CCCCC1,C1COCCO1,0.0,rxn13_r2,-3.9330153,6,6,"[0.1140651  0.1140651  0.48515806 0.88491757 0.88491757 0.48515806
 0.         0.         0.         0.         0.         0.
 0.         0.         0.         0.         0.         0.
 0.         0.         0.         0.        ]"
C1CCC2OC2C1,C1COCCO1,0.0,rxn13_p2,-5.243512,7,6,"[  3.0005245    3.0005245    2.21679568   2.13761247 -13.05242091
   2.13761247   2.21679568   0.           0.           0.
   0.           0.           0.           0.           0.
   0.           0.           0.           0.           0.
   0.           0.        ]"
O=C(OO)c1ccccc1,CCO,0.0,rxn13_r1,-9.242206,10,3,"[ 2.34296088 -1.74577419 -1.09858205  0.31885592  0.07565123 -3.23336251
  2.38096404 -0.52859266  2.38096404 -3.23336251  0.          0.
  0.          0.          0.          0.          0.          0.
  0.          0.          0.          0.        ]"
O=C(O)c1ccccc1,CCO,0.0,rxn13_p1,-9.748395,9,3,"[-0.55725984  6.44632492 -0.49192634  3.55782906 -3.10268521 -1.76157838
 -2.07307232 -1.76157838 -3.10268521  0.          0.          0.
  0.          0.          0.          0.          0.          0.
  0.          0.          0.          0.        ]"
C1=CCCCC1,CCO,0.0,rxn13_r2,-3.6040893,6,3,"[0.49057816 0.49057816 0.55121217 0.60685657 0.60685657 0.55121217
 0.         0.         0.         0.         0.         0.
 0.         0.         0.         0.         0.         0.
 0.         0.         0.         0.        ]"
C1CCC2OC2C1,CCO,0.0,rxn13_p2,-4.964847,7,3,"[  2.85505993   2.85505993   1.87049486   3.0159865  -13.54640758
   3.0159865    1.87049486   0.           0.           0.
   0.           0.           0.           0.           0.
   0.           0.           0.           0.           0.
   0.           0.        ]"
O=C(OO)c1ccccc1,CC(C)O,0.0,rxn13_r1,-9.0583315,10,4,"[ 2.33602372 -1.63645133 -1.08449393  0.49327606  0.01565082 -3.20830886
  2.29537764 -0.45385658  2.29537764 -3.20830886  0.          0.
  0.          0.          0.          0.          0.          0.
  0.          0.          0.          0.        ]"
O=C(O)c1ccccc1,CC(C)O,0.0,rxn13_p1,-9.75238,9,4,"[-0.12497301  3.96380622 -0.06405953  2.62147172 -2.05826449 -1.76695146
 -1.59785643 -1.76695146 -2.05826449  0.          0.          0.
  0.          0.          0.          0.          0.          0.
  0.          0.          0.          0.        ]"
C1=CCCCC1,CC(C)O,0.0,rxn13_r2,-3.6284125,6,4,"[0.61503421 0.61503421 0.5551262  0.46644354 0.46644354 0.5551262
 0.         0.         0.         0.         0.         0.
 0.         0.         0.         0.         0.         0.
 0.         0.         0.         0.        ]"
C1CCC2OC2C1,CC(C)O,0.0,rxn13_p2,-4.834711,7,4,"[  3.05107439   3.05107439   2.21997043   2.02525152 -12.52611484
   2.02525152   2.21997043   0.           0.           0.
   0.           0.           0.           0.           0.
   0.           0.           0.           0.           0.
   0.           0.        ]"
O=C(OO)c1ccccc1,CO,0.0,rxn13_r1,-9.515946,10,2,"[ 2.51610893 -2.07260317 -1.46688807  0.05397106  0.32915156 -3.43604322
  2.77032455 -0.64158001  2.77032455 -3.43604322  0.          0.
  0.          0.          0.          0.          0.          0.
  0.          0.          0.          0.        ]"
O=C(O)c1ccccc1,CO,0.0,rxn13_p1,-9.779026,9,2,"[-0.55717025  7.26869277 -0.55079241  4.60004815 -3.44421519 -2.28728871
 -2.17546717 -2.28728871 -3.44421519  0.          0.          0.
  0.          0.          0.          0.          0.          0.
  0.          0.          0.          0.        ]"
C1=CCCCC1,CO,0.0,rxn13_r2,-3.4485073,6,2,"[0.42295401 0.42295401 0.59735187 0.70594373 0.70594373 0.59735187
 0.         0.         0.         0.         0.         0.
 0.         0.         0.         0.         0.         0.
 0.         0.         0.         0.        ]"
C1CCC2OC2C1,CO,0.0,rxn13_p2,-4.988567,7,2,"[  2.83005694   2.83005694   1.75804512   3.59612664 -14.45578017
   3.59612664   1.75804512   0.           0.           0.
   0.           0.           0.           0.           0.
   0.           0.           0.           0.           0.
   0.           0.        ]"
O=C(OO)c1ccccc1,O=S1(=O)CCCC1,0.0,rxn13_r1,-9.247885,10,7,"[ 1.34024739 -0.13340842  0.01648518  0.31268332 -0.23341353 -2.73196531
  1.19075088 -0.56659538  1.19075088 -2.73196531  0.          0.
  0.          0.          0.          0.          0.          0.
  0.          0.          0.          0.        ]"
O=C(O)c1ccccc1,O=S1(=O)CCCC1,0.0,rxn13_p1,-9.665009,9,7,"[-1.18113741  5.97333826 -1.20587473  4.32610981 -2.75655572 -1.45948856
 -2.24270876 -1.45948856 -2.75655572  0.          0.          0.
  0.          0.          0.          0.          0.          0.
  0.          0.          0.          0.        ]"
C1=CCCCC1,O=S1(=O)CCCC1,0.0,rxn13_r2,-2.747035,6,7,"[0.42408557 0.42408557 0.70039404 0.95303813 0.95303813 0.70039404
 0.         0.         0.         0.         0.         0.
 0.         0.         0.         0.         0.         0.
 0.         0.         0.         0.        ]"
C1CCC2OC2C1,O=S1(=O)CCCC1,0.0,rxn13_p2,-4.219474,7,7,"[  3.88447953   3.88447953   3.72046371  -0.71593249 -11.09525926
  -0.71593249   3.72046371   0.           0.           0.
   0.           0.           0.           0.           0.
   0.           0.           0.           0.           0.
   0.           0.        ]"
O=C(OO)c1ccccc1,CC(C)(C)O,0.0,rxn13_r1,-8.983127,10,5,"[ 1.83441873 -0.99188139 -0.64121747  0.40936226 -0.07806545 -2.85207921
  1.78761988 -0.4853268   1.78761988 -2.85207921  0.          0.
  0.          0.          0.          0.          0.          0.
  0.          0.          0.          0.        ]"
O=C(O)c1ccccc1,CC(C)(C)O,0.0,rxn13_p1,-9.84258,9,5,"[ 0.09365947  3.88461882  0.16719437  2.56562241 -2.30924514 -1.628131
 -1.77864982 -1.628131   -2.30924514  0.          0.          0.
  0.          0.          0.          0.          0.          0.
  0.          0.          0.          0.        ]"
C1=CCCCC1,CC(C)(C)O,0.0,rxn13_r2,-3.711658,6,5,"[0.66286512 0.66286512 0.53664489 0.39555905 0.39555905 0.53664489
 0.         0.         0.         0.         0.         0.
 0.         0.         0.         0.         0.         0.
 0.         0.         0.         0.        ]"
C1CCC2OC2C1,CC(C)(C)O,0.0,rxn13_p2,-4.9355526,7,5,"[  3.00192602   3.00192602   2.18449992   1.97487644 -12.35637217
   1.97487644   2.18449992   0.           0.           0.
   0.           0.           0.           0.           0.
   0.           0.           0.           0.           0.
   0.           0.        ]"
O=C(OO)c1ccccc1,OCC(F)(F)F,0.0,rxn13_r1,-9.328784,10,6,"[ 2.28367065 -1.5465883  -1.11747808  0.40742857  0.13557259 -3.2975008
  2.27071767 -0.53694154  2.27071767 -3.2975008   0.          0.
  0.          0.          0.          0.          0.          0.
  0.          0.          0.          0.        ]"
O=C(O)c1ccccc1,OCC(F)(F)F,0.0,rxn13_p1,-9.187478,9,6,"[ 0.23951845  5.00280494  0.32663418  2.49843547 -2.62590989 -1.73584472
 -1.62998209 -1.73584472 -2.62590989  0.          0.          0.
  0.          0.          0.          0.          0.          0.
  0.          0.          0.          0.        ]"
C1=CCCCC1,OCC(F)(F)F,0.0,rxn13_r2,-3.5887556,6,6,"[0.37546957 0.37546957 0.60462062 0.67600039 0.67600039 0.60462062
 0.         0.         0.         0.         0.         0.
 0.         0.         0.         0.         0.         0.
 0.         0.         0.         0.        ]"
C1CCC2OC2C1,OCC(F)(F)F,0.0,rxn13_p2,-5.459772,7,6,"[  2.95749903   2.95749903   1.96307485   2.95478832 -14.30889557
   2.95478832   1.96307485   0.           0.           0.
   0.           0.           0.           0.           0.
   0.           0.           0.           0.           0.
   0.           0.        ]"
CC1=CCS(=O)(=O)C1,CC(=O)NCc1ccccc1,0.0,rxn14_r1,-9.976902,8,11,"[ 0.36494648 -0.35461486  0.1556123  -0.94449941 -2.09230799 -0.13354805
 -0.13354805  0.06242963  0.          0.          0.          0.
  0.          0.          0.          0.          0.          0.
  0.          0.          0.          0.        ]"
O=S=O,CC(=O)NCc1ccccc1,0.0,rxn14_p1,-3.4255745,3,11,"[ 2.84788748 -2.22114324  2.84788748  0.          0.          0.
  0.          0.          0.          0.          0.          0.
  0.          0.          0.          0.          0.          0.
  0.          0.          0.          0.        ]"
C=CC(=C)C,CC(=O)NCc1ccccc1,0.0,rxn14_p2,-2.632787,5,11,"[-0.64906811 -0.96510142  2.98429278  1.81441584  1.08363567  0.
  0.          0.          0.          0.          0.          0.
  0.          0.          0.          0.          0.          0.
  0.          0.          0.          0.        ]"
CC1=CCS(=O)(=O)C1,O=C(c1ccccc1)c1ccccc1,0.0,rxn14_r1,-9.646314,8,14,"[ 0.17216907 -0.28589573  0.38000536 -1.2377247  -0.48231398 -0.42195685
 -0.42195685 -0.44712084  0.          0.          0.          0.
  0.          0.          0.          0.          0.          0.
  0.          0.          0.          0.        ]"
O=S=O,O=C(c1ccccc1)c1ccccc1,0.0,rxn14_p1,-2.8900163,3,14,"[ 3.01434738 -2.01762906  3.01434738  0.          0.          0.
  0.          0.          0.          0.          0.          0.
  0.          0.          0.          0.          0.          0.
  0.          0.          0.          0.        ]"
C=CC(=C)C,O=C(c1ccccc1)c1ccccc1,0.0,rxn14_p2,-2.796897,5,14,"[-0.47632931 -1.10298024  2.78632973  1.76407161  1.13290238  0.
  0.          0.          0.          0.          0.          0.
  0.          0.          0.          0.          0.          0.
  0.          0.          0.          0.        ]"
CC1=CCS(=O)(=O)C1,CCCCCCCCCC,0.0,rxn14_r1,-6.411881,8,10,"[ 0.30582165 -0.64262111  0.06311382 -0.36576617  0.82336846  0.05828657
  0.05828657  0.18761621  0.          0.          0.          0.
  0.          0.          0.          0.          0.          0.
  0.          0.          0.          0.        ]"
O=S=O,CCCCCCCCCC,0.0,rxn14_p1,-1.1537035,3,10,"[ 3.06352412 -0.38025579  3.06352412  0.          0.          0.
  0.          0.          0.          0.          0.          0.
  0.          0.          0.          0.          0.          0.
  0.          0.          0.          0.        ]"
C=CC(=C)C,CCCCCCCCCC,0.0,rxn14_p2,-2.862386,5,10,"[-0.11344912 -0.83632251  2.29107675  1.77030263  0.92723817  0.
  0.          0.          0.          0.          0.          0.
  0.          0.          0.          0.          0.          0.
  0.          0.          0.          0.        ]"
CC1=CCS(=O)(=O)C1,CCCCOC(=O)c1ccccc1C(=O)OCCCC,0.0,rxn14_r1,-9.239101,8,20,"[ 0.18301583 -0.42469341  0.17909194 -0.83547474 -1.11095747 -0.07998524
 -0.07998524 -0.16970165  0.          0.          0.          0.
  0.          0.          0.          0.          0.          0.
  0.          0.          0.          0.        ]"
O=S=O,CCCCOC(=O)c1ccccc1C(=O)OCCCC,0.0,rxn14_p1,-3.0189025,3,20,"[ 2.12089031 -0.35991277  2.12089031  0.          0.          0.
  0.          0.          0.          0.          0.          0.
  0.          0.          0.          0.          0.          0.
  0.          0.          0.          0.        ]"
C=CC(=C)C,CCCCOC(=O)c1ccccc1C(=O)OCCCC,0.0,rxn14_p2,-2.8560612,5,20,"[-0.79612621 -1.10387583  2.97315089  1.84843365  1.12353831  0.
  0.          0.          0.          0.          0.          0.
  0.          0.          0.          0.          0.          0.
  0.          0.          0.          0.        ]"
CC1=CCS(=O)(=O)C1,c1ccc(Oc2ccccc2)cc1,0.0,rxn14_r1,-9.3762665,8,13,"[ 0.24167865 -0.26079139  0.48961609 -1.34686857 -0.50262448 -0.31366636
 -0.31366636 -0.4697033   0.          0.          0.          0.
  0.          0.          0.          0.          0.          0.
  0.          0.          0.          0.        ]"
O=S=O,c1ccc(Oc2ccccc2)cc1,0.0,rxn14_p1,-2.380128,3,13,"[ 3.1276476  -1.73445354  3.1276476   0.          0.          0.
  0.          0.          0.          0.          0.          0.
  0.          0.          0.          0.          0.          0.
  0.          0.          0.          0.        ]"
C=CC(=C)C,c1ccc(Oc2ccccc2)cc1,0.0,rxn14_p2,-2.836663,5,13,"[-0.23949912 -1.01328339  2.51017718  1.70383045  1.10325024  0.
  0.          0.          0.          0.          0.          0.
  0.          0.          0.          0.          0.          0.
  0.          0.          0.          0.        ]"
CC1=CCS(=O)(=O)C1,CCCCCCCCCCCCCCCCCC(=O)O,0.0,rxn14_r1,-8.012571,8,20,"[ 0.83825207 -0.65697887  0.31624563 -0.2942431  -2.30198704  0.0569274
  0.0569274   0.87357784  0.          0.          0.          0.
  0.          0.          0.          0.          0.          0.
  0.          0.          0.          0.        ]"
O=S=O,CCCCCCCCCCCCCCCCCC(=O)O,0.0,rxn14_p1,-2.5886555,3,20,"[ 2.8979272  -1.48352984  2.8979272   0.          0.          0.
  0.          0.          0.          0.          0.          0.
  0.          0.          0.          0.          0.          0.
  0.          0.          0.          0.        ]"
C=CC(=C)C,CCCCCCCCCCCCCCCCCC(=O)O,0.0,rxn14_p2,-2.5473485,5,20,"[-0.57522914 -1.37960684  3.07981441  2.16573418  1.06359031  0.
  0.          0.          0.          0.          0.          0.
  0.          0.          0.          0.          0.          0.
  0.          0.          0.          0.        ]"
CC1=CCS(=O)(=O)C1,O=S1(=O)CCCC1,0.0,rxn14_r1,-10.49088,8,7,"[-0.29670589 -0.75389867 -0.78599306 -0.69752941 -2.19472535  0.20728765
  0.20728765  0.72473967  0.          0.          0.          0.
  0.          0.          0.          0.          0.          0.
  0.          0.          0.          0.        ]"
O=S=O,O=S1(=O)CCCC1,0.0,rxn14_p1,-3.7199788,3,7,"[ 3.08572526 -2.98977806  3.08572526  0.          0.          0.
  0.          0.          0.          0.          0.          0.
  0.          0.          0.          0.          0.          0.
  0.          0.          0.          0.        ]"
C=CC(=C)C,O=S1(=O)CCCC1,0.0,rxn14_p2,-2.177357,5,7,"[-0.06186254 -1.02610056  2.54860428  2.16470389  1.09888139  0.
  0.          0.          0.          0.          0.          0.
  0.          0.          0.          0.          0.          0.
  0.          0.          0.          0.        ]"
CC1=CCS(=O)(=O)C1,OCCOCCOCCO,0.0,rxn14_r1,-9.670547,8,10,"[ 0.28121713 -0.63541035 -0.18512053 -0.34958902 -4.20628845  0.53428274
  0.53428274  1.25673183  0.          0.          0.          0.
  0.          0.          0.          0.          0.          0.
  0.          0.          0.          0.        ]"
O=S=O,OCCOCCOCCO,0.0,rxn14_p1,-3.6335378,3,10,"[ 2.62840093 -1.99011218  2.62840093  0.          0.          0.
  0.          0.          0.          0.          0.          0.
  0.          0.          0.          0.          0.          0.
  0.          0.          0.          0.        ]"
C=CC(=C)C,OCCOCCOCCO,0.0,rxn14_p2,-2.0731611,5,10,"[-0.58962049 -1.71749935  3.52994883  2.30045777  1.30501296  0.
  0.          0.          0.          0.          0.          0.
  0.          0.          0.          0.          0.          0.
  0.          0.          0.          0.        ]"
